"indeksi cen življenjskih potrebšèin po: ŽIVLJENJSKE POTREBŠÈINE, MESEC"
", INDEKS"

" ";"2015M01";" ";" ";" ";" ";" ";" ";" ";"2015M02";" ";" ";" ";" ";" ";" ";" ";"2015M03";" ";" ";" ";" ";" ";" ";" ";"2015M04";" ";" ";" ";" ";" ";" ";" ";"2015M05";" ";" ";" ";" ";" ";" ";" ";"2015M06";" ";" ";" ";" ";" ";" ";" ";"2015M07";" ";" ";" ";" ";" ";" ";" ";"2015M08";" ";" ";" ";" ";" ";" ";" ";"2015M09";" ";" ";" ";" ";" ";" ";" ";"2015M10";" ";" ";" ";" ";" ";" ";" "
" ";"Struktura (%)";"Tekoèi mesec / december prejšnjega leta";"Tekoèi mesec / prejšnji mesec";"Tekoèi mesec / isti mesec prejšnjega leta";"Povpreèje mesecev tekoèega leta / povpreèje istih mesecev prejšnjega leta";"Povpreèje mesecev tekoèega leta / december prejšnjega leta";"Tekoèi mesec / povpreèje leta 2005";"Povpreèna 12-meseèna rast";"Struktura (%)";"Tekoèi mesec / december prejšnjega leta";"Tekoèi mesec / prejšnji mesec";"Tekoèi mesec / isti mesec prejšnjega leta";"Povpreèje mesecev tekoèega leta / povpreèje istih mesecev prejšnjega leta";"Povpreèje mesecev tekoèega leta / december prejšnjega leta";"Tekoèi mesec / povpreèje leta 2005";"Povpreèna 12-meseèna rast";"Struktura (%)";"Tekoèi mesec / december prejšnjega leta";"Tekoèi mesec / prejšnji mesec";"Tekoèi mesec / isti mesec prejšnjega leta";"Povpreèje mesecev tekoèega leta / povpreèje istih mesecev prejšnjega leta";"Povpreèje mesecev tekoèega leta / december prejšnjega leta";"Tekoèi mesec / povpreèje leta 2005";"Povpreèna 12-meseèna rast";"Struktura (%)";"Tekoèi mesec / december prejšnjega leta";"Tekoèi mesec / prejšnji mesec";"Tekoèi mesec / isti mesec prejšnjega leta";"Povpreèje mesecev tekoèega leta / povpreèje istih mesecev prejšnjega leta";"Povpreèje mesecev tekoèega leta / december prejšnjega leta";"Tekoèi mesec / povpreèje leta 2005";"Povpreèna 12-meseèna rast";"Struktura (%)";"Tekoèi mesec / december prejšnjega leta";"Tekoèi mesec / prejšnji mesec";"Tekoèi mesec / isti mesec prejšnjega leta";"Povpreèje mesecev tekoèega leta / povpreèje istih mesecev prejšnjega leta";"Povpreèje mesecev tekoèega leta / december prejšnjega leta";"Tekoèi mesec / povpreèje leta 2005";"Povpreèna 12-meseèna rast";"Struktura (%)";"Tekoèi mesec / december prejšnjega leta";"Tekoèi mesec / prejšnji mesec";"Tekoèi mesec / isti mesec prejšnjega leta";"Povpreèje mesecev tekoèega leta / povpreèje istih mesecev prejšnjega leta";"Povpreèje mesecev tekoèega leta / december prejšnjega leta";"Tekoèi mesec / povpreèje leta 2005";"Povpreèna 12-meseèna rast";"Struktura (%)";"Tekoèi mesec / december prejšnjega leta";"Tekoèi mesec / prejšnji mesec";"Tekoèi mesec / isti mesec prejšnjega leta";"Povpreèje mesecev tekoèega leta / povpreèje istih mesecev prejšnjega leta";"Povpreèje mesecev tekoèega leta / december prejšnjega leta";"Tekoèi mesec / povpreèje leta 2005";"Povpreèna 12-meseèna rast";"Struktura (%)";"Tekoèi mesec / december prejšnjega leta";"Tekoèi mesec / prejšnji mesec";"Tekoèi mesec / isti mesec prejšnjega leta";"Povpreèje mesecev tekoèega leta / povpreèje istih mesecev prejšnjega leta";"Povpreèje mesecev tekoèega leta / december prejšnjega leta";"Tekoèi mesec / povpreèje leta 2005";"Povpreèna 12-meseèna rast";"Struktura (%)";"Tekoèi mesec / december prejšnjega leta";"Tekoèi mesec / prejšnji mesec";"Tekoèi mesec / isti mesec prejšnjega leta";"Povpreèje mesecev tekoèega leta / povpreèje istih mesecev prejšnjega leta";"Povpreèje mesecev tekoèega leta / december prejšnjega leta";"Tekoèi mesec / povpreèje leta 2005";"Povpreèna 12-meseèna rast";"Struktura (%)";"Tekoèi mesec / december prejšnjega leta";"Tekoèi mesec / prejšnji mesec";"Tekoèi mesec / isti mesec prejšnjega leta";"Povpreèje mesecev tekoèega leta / povpreèje istih mesecev prejšnjega leta";"Povpreèje mesecev tekoèega leta / december prejšnjega leta";"Tekoèi mesec / povpreèje leta 2005";"Povpreèna 12-meseèna rast"
"SKUPAJ";100.0;98.7;98.7;99.5;99.5;98.7;120.75;100.1;100.0;98.9;100.2;99.6;99.6;98.8;121.02;100.1;100.0;99.8;100.9;99.7;99.6;99.2;122.10;100.0;100.0;99.9;100.1;99.3;99.5;99.3;122.20;99.9;100.0;100.7;100.8;99.5;99.5;99.6;123.14;99.8;100.0;100.6;99.9;99.3;99.5;99.8;123.05;99.7;100.0;99.8;99.2;99.6;99.5;99.8;122.04;99.6;100.0;99.9;100.1;99.7;99.5;99.8;122.19;99.6;100.0;99.8;99.9;99.4;99.5;99.8;122.10;99.6;100.0;99.9;100.0;99.2;99.5;99.8;122.13;99.6
"01 Hrana in brezalkoholne pijaèe";17.0;101.3;101.3;98.7;98.7;101.3;138.31;99.4;17.0;101.4;100.1;99.7;99.2;101.4;138.49;99.3;17.0;101.8;100.4;100.7;99.7;101.5;138.98;99.3;17.0;102.3;100.5;100.8;100.0;101.7;139.71;99.4;17.0;104.0;101.6;101.3;100.2;102.2;141.98;99.6;17.0;103.1;99.1;101.2;100.4;102.3;140.70;99.8;17.0;102.4;99.4;101.4;100.5;102.3;139.85;100.0;17.0;102.1;99.7;101.8;100.7;102.3;139.40;100.3;17.0;102.3;100.2;101.2;100.7;102.3;139.72;100.4;17.0;101.6;99.3;101.1;100.8;102.2;138.75;100.5
"011 Hrana";15.4;101.4;101.4;98.8;98.8;101.4;139.68;99.6;15.4;101.4;100.1;99.7;99.2;101.4;139.77;99.5;15.4;101.9;100.5;100.7;99.7;101.6;140.46;99.5;15.4;102.4;100.5;100.8;100.0;101.8;141.12;99.5;15.4;104.3;101.8;101.3;100.2;102.3;143.70;99.7;15.4;103.2;98.9;101.2;100.4;102.4;142.17;99.9;15.4;102.4;99.3;101.4;100.5;102.4;141.12;100.1;15.4;102.0;99.6;101.8;100.7;102.4;140.58;100.3;15.4;102.3;100.3;101.1;100.7;102.4;140.97;100.4;15.4;101.6;99.3;101.0;100.8;102.3;140.00;100.5
"0111 Kruh in drugi izdelki iz žit";2.9;100.8;100.8;99.0;99.0;100.8;133.61;100.1;2.9;98.9;98.1;98.1;98.5;99.8;131.11;99.8;2.9;100.9;102.1;99.9;99.0;100.2;133.85;99.7;2.9;99.7;98.7;99.1;99.0;100.1;132.16;99.6;2.9;100.1;100.4;99.0;99.0;100.1;132.72;99.4;2.9;99.8;99.7;98.7;99.0;100.0;132.36;99.3;2.9;100.0;100.1;98.7;98.9;100.0;132.56;99.1;2.9;100.5;100.6;99.2;99.0;100.1;133.31;99.1;2.9;100.5;100.0;99.7;99.1;100.1;133.32;99.1;2.9;100.3;99.8;99.9;99.1;100.2;133.04;99.2
"0112 Meso";3.7;99.8;99.8;98.9;98.9;99.8;128.24;100.1;3.7;99.2;99.4;97.9;98.4;99.5;127.52;99.8;3.7;99.3;100.0;98.8;98.5;99.4;127.53;99.6;3.7;99.2;99.9;99.1;98.7;99.4;127.42;99.5;3.7;99.0;99.9;98.7;98.7;99.3;127.24;99.3;3.7;99.1;100.1;98.7;98.7;99.3;127.39;99.2;3.7;100.5;101.3;100.4;98.9;99.4;129.09;99.2;3.7;100.1;99.6;99.9;99.0;99.5;128.59;99.3;3.7;100.2;100.1;100.1;99.2;99.6;128.78;99.3;3.7;99.5;99.3;100.0;99.2;99.6;127.87;99.4
"0113 Ribe";0.4;102.2;102.2;99.8;99.8;102.2;144.80;98.7;0.4;101.5;99.2;98.0;98.9;101.9;143.69;98.4;0.4;101.6;100.2;100.3;99.4;101.8;143.91;98.5;0.4;101.4;99.8;99.7;99.4;101.7;143.55;98.5;0.4;103.1;101.7;100.4;99.6;102.0;146.05;98.5;0.4;102.9;99.8;101.4;99.9;102.1;145.69;98.7;0.4;101.5;98.7;100.2;99.9;102.0;143.77;98.9;0.4;103.0;101.5;102.5;100.3;102.2;145.87;99.2;0.4;103.6;100.6;103.8;100.6;102.3;146.78;99.8;0.4;102.1;98.5;103.7;100.9;102.3;144.62;100.5
"0114 Mleko, mleèni izdelki in jajca";2.8;99.6;99.6;98.9;98.9;99.6;152.91;102.5;2.8;99.2;99.6;99.6;99.2;99.4;152.32;102.1;2.8;99.3;100.1;99.5;99.3;99.4;152.51;101.8;2.8;99.2;99.9;99.5;99.4;99.3;152.33;101.4;2.8;98.9;99.7;98.4;99.2;99.2;151.84;101.0;2.8;99.7;100.9;99.1;99.2;99.3;153.14;100.5;2.8;99.0;99.3;98.6;99.1;99.3;152.08;100.1;2.8;99.3;100.3;99.0;99.1;99.3;152.46;99.7;2.8;99.4;100.1;99.1;99.1;99.3;152.65;99.5;2.8;98.9;99.5;99.1;99.1;99.3;151.92;99.3
"0115 Olje in mašèoba";0.6;101.6;101.6;100.3;100.3;101.6;162.79;100.3;0.6;100.0;98.4;98.8;99.5;100.8;160.20;100.1;0.6;102.6;102.6;101.0;100.0;101.4;164.41;100.1;0.6;101.0;98.4;100.0;100.0;101.3;161.83;100.0;0.6;102.2;101.2;101.1;100.2;101.5;163.78;100.0;0.6;101.7;99.5;100.1;100.2;101.5;163.03;100.0;0.6;101.7;100.0;99.7;100.1;101.5;163.01;99.8;0.6;102.4;100.7;101.2;100.3;101.6;164.15;99.9;0.6;102.7;100.3;101.4;100.4;101.8;164.63;100.1;0.6;101.6;98.9;101.2;100.5;101.7;162.87;100.3
"0116 Sadje, sveže in predelano";1.4;101.8;101.8;103.3;103.3;101.8;145.39;100.6;1.4;101.9;100.2;105.5;104.4;101.9;145.65;101.2;1.4;105.5;103.5;108.4;105.7;103.1;150.69;101.6;1.4;116.1;110.1;106.6;105.9;106.3;165.85;101.8;1.4;137.1;118.1;114.4;107.9;112.5;195.84;103.5;1.4;123.8;90.3;113.4;108.8;114.4;176.81;105.0;1.4;118.2;95.5;112.7;109.4;114.9;168.91;106.4;1.4;116.6;98.7;112.5;109.8;115.1;166.65;107.9;1.4;117.0;100.3;106.4;109.4;115.3;167.18;108.0;1.4;112.4;96.1;105.4;109.0;115.0;160.64;108.2
"0117 Zelenjava, sveža in predelana";1.4;110.5;110.5;92.0;92.0;110.5;153.81;91.9;1.4;117.8;106.6;101.9;96.9;114.2;164.00;92.3;1.4;113.9;96.7;102.1;98.6;114.1;158.54;92.9;1.4;112.6;98.8;104.5;100.0;113.7;156.67;94.1;1.4;111.8;99.4;104.3;100.8;113.3;155.66;95.6;1.4;110.4;98.7;103.2;101.2;112.8;153.59;97.0;1.4;105.3;95.4;103.2;101.4;111.8;146.52;98.5;1.4;100.4;95.4;104.4;101.8;110.3;139.78;99.5;1.4;102.7;102.2;102.0;101.8;109.5;142.89;100.1;1.4;102.9;100.2;101.2;101.7;108.8;143.22;100.3
"0118 Sladkor in konditorski izdelki";1.5;101.0;101.0;99.9;99.9;101.0;128.14;99.4;1.5;101.3;100.4;100.9;100.4;101.1;128.63;99.4;1.5;101.5;100.1;100.8;100.5;101.3;128.79;99.5;1.5;101.3;99.8;101.4;100.7;101.3;128.56;99.6;1.5;100.7;99.4;100.7;100.7;101.1;127.79;99.7;1.5;102.2;101.5;102.1;101.0;101.3;129.75;99.9;1.5;102.3;100.1;102.8;101.2;101.5;129.82;100.3;1.5;102.7;100.4;103.6;101.5;101.6;130.38;100.7;1.5;102.4;99.7;102.9;101.7;101.7;130.00;101.1;1.5;103.0;100.6;103.4;101.8;101.8;130.79;101.5
"0119 Drugi prehrambeni izdelki";0.7;100.5;100.5;99.3;99.3;100.5;127.58;98.8;0.7;100.3;99.7;98.7;99.0;100.4;127.25;98.6;0.7;100.4;100.2;101.2;99.7;100.4;127.51;98.7;0.7;100.2;99.8;100.8;100.0;100.4;127.24;98.9;0.7;100.0;99.8;100.4;100.1;100.3;126.98;99.0;0.7;99.6;99.6;100.4;100.1;100.2;126.49;99.1;0.7;99.9;100.3;100.7;100.2;100.1;126.82;99.3;0.7;100.4;100.5;101.5;100.4;100.2;127.51;99.7;0.7;100.1;99.7;100.5;100.4;100.2;127.08;99.9;0.7;100.5;100.4;100.8;100.4;100.2;127.58;100.1
"012 Brezalkoholne pijaèe";1.7;100.8;100.8;98.6;98.6;100.8;125.79;98.1;1.7;101.5;100.7;99.7;99.1;101.1;126.73;98.0;1.7;100.5;99.0;100.5;99.6;100.9;125.51;98.3;1.7;101.6;101.0;100.9;99.9;101.1;126.81;98.4;1.7;101.3;99.7;101.0;100.1;101.1;126.42;98.7;1.7;102.0;100.7;101.3;100.3;101.3;127.36;98.9;1.7;102.6;100.6;101.8;100.5;101.5;128.14;99.2;1.7;102.9;100.2;102.4;100.8;101.6;128.43;99.6;1.7;102.7;99.8;102.2;100.9;101.8;128.20;100.0;1.7;101.9;99.2;102.2;101.0;101.8;127.22;100.5
"0121 Kava, èaj in kakav";0.7;100.2;100.2;99.1;99.1;100.2;128.51;98.9;0.7;102.0;101.8;101.2;100.1;101.1;130.82;99.0;0.7;100.9;99.0;100.5;100.3;101.0;129.49;99.0;0.7;101.6;100.7;101.8;100.7;101.2;130.38;99.2;0.7;100.5;98.9;101.0;100.7;101.0;128.98;99.4;0.7;102.2;101.7;102.6;101.0;101.2;131.15;99.7;0.7;102.9;100.7;103.0;101.3;101.5;132.03;100.0;0.7;103.2;100.2;103.8;101.6;101.7;132.33;100.5;0.7;103.5;100.4;104.0;101.9;101.9;132.80;100.9;0.7;103.5;100.0;105.3;102.2;102.1;132.75;101.6
"0122 Gazirane in negazirane pijaèe";1.0;101.1;101.1;98.2;98.2;101.1;123.84;97.6;1.0;101.2;100.1;98.7;98.5;101.2;123.90;97.5;1.0;100.3;99.1;100.4;99.1;100.9;122.76;97.8;1.0;101.5;101.3;100.3;99.4;101.0;124.32;98.0;1.0;101.7;100.2;101.0;99.7;101.2;124.56;98.3;1.0;101.9;100.1;100.5;99.8;101.3;124.72;98.5;1.0;102.5;100.6;101.0;100.0;101.5;125.45;98.7;1.0;102.7;100.2;101.5;100.2;101.6;125.72;99.1;1.0;102.1;99.5;101.0;100.3;101.7;125.06;99.4;1.0;100.9;98.8;100.3;100.3;101.6;123.52;99.8
"02 Alkoholne pijaèe in tobak";5.8;100.3;100.3;104.1;104.1;100.3;166.07;103.7;5.8;100.3;100.1;104.2;104.1;100.3;166.17;103.8;5.8;100.2;99.9;104.2;104.2;100.3;166.04;104.0;5.8;100.1;99.8;104.1;104.1;100.2;165.78;104.1;5.8;100.2;100.1;101.8;103.7;100.2;165.95;103.8;5.8;100.1;99.9;100.6;103.1;100.2;165.85;103.4;5.8;100.3;100.1;101.1;102.9;100.2;166.06;103.2;5.8;100.4;100.2;101.0;102.6;100.2;166.34;103.0;5.8;100.4;100.0;100.9;102.4;100.3;166.33;102.7;5.8;100.3;99.9;100.7;102.2;100.3;166.22;102.5
"021 Alkoholne pijaèe";2.1;100.7;100.7;101.0;101.0;100.7;140.06;101.6;2.1;100.9;100.2;101.3;101.2;100.8;140.30;101.5;2.1;100.7;99.8;101.4;101.3;100.8;139.98;101.5;2.1;100.2;99.6;101.0;101.2;100.6;139.38;101.5;2.1;100.5;100.3;99.8;100.9;100.6;139.79;101.2;2.1;100.4;99.8;100.1;100.8;100.6;139.55;101.0;2.1;100.7;100.3;101.4;100.9;100.6;140.03;101.0;2.1;101.2;100.5;101.0;100.9;100.7;140.69;101.0;2.1;101.1;100.0;100.7;100.9;100.7;140.65;100.9;2.1;101.0;99.8;100.2;100.8;100.7;140.40;100.8
"0211 Žgane pijaèe";0.2;101.6;101.6;105.7;105.7;101.6;149.93;104.6;0.2;101.3;99.7;105.4;105.5;101.4;149.48;104.9;0.2;101.2;99.9;105.9;105.6;101.3;149.35;105.2;0.2;101.4;100.2;105.1;105.5;101.4;149.65;105.5;0.2;101.6;100.2;100.7;104.5;101.4;149.92;105.0;0.2;101.5;100.0;100.4;103.8;101.4;149.86;104.4;0.2;101.4;99.9;100.4;103.3;101.4;149.72;103.9;0.2;100.2;98.8;99.3;102.8;101.3;147.96;103.4;0.2;100.1;99.9;99.1;102.4;101.1;147.77;102.9;0.2;100.3;100.2;99.5;102.1;101.1;148.02;102.4
"0212 Vino";0.8;101.2;101.2;99.6;99.6;101.2;151.54;101.1;0.8;101.6;100.4;99.9;99.7;101.4;152.17;100.8;0.8;101.6;100.0;99.9;99.8;101.5;152.20;100.5;0.8;100.8;99.2;100.3;99.9;101.3;151.00;100.3;0.8;101.5;100.7;100.4;100.0;101.4;152.02;100.2;0.8;102.0;100.4;101.4;100.3;101.5;152.68;100.1;0.8;102.1;100.1;102.8;100.6;101.6;152.88;100.4;0.8;102.8;100.7;103.1;100.9;101.7;153.93;100.8;0.8;102.5;99.7;102.1;101.1;101.8;153.50;100.9;0.8;101.8;99.3;100.5;101.0;101.8;152.44;100.8
"0213 Pivo";1.1;100.2;100.2;101.0;101.0;100.2;132.00;101.3;1.1;100.3;100.1;101.4;101.2;100.3;132.14;101.3;1.1;99.9;99.6;101.5;101.3;100.1;131.58;101.4;1.1;99.6;99.7;100.6;101.1;100.0;131.15;101.4;1.1;99.6;100.1;99.2;100.7;99.9;131.23;101.1;1.1;99.0;99.4;99.0;100.4;99.8;130.39;100.9;1.1;99.6;100.6;100.6;100.5;99.7;131.17;100.8;1.1;100.3;100.7;100.0;100.4;99.8;132.07;100.7;1.1;100.4;100.2;100.2;100.4;99.9;132.30;100.5;1.1;100.5;100.1;100.2;100.4;99.9;132.44;100.4
"022 Tobaèni izdelki";3.7;100.0;100.0;105.8;105.8;100.0;184.42;104.9;3.7;100.0;100.0;105.8;105.8;100.0;184.42;105.1;3.7;100.0;100.0;105.8;105.8;100.0;184.42;105.4;3.7;100.0;100.0;105.8;105.8;100.0;184.42;105.6;3.7;100.0;100.0;102.9;105.2;100.0;184.42;105.3;3.7;100.0;100.0;100.9;104.5;100.0;184.42;104.7;3.7;100.0;100.0;100.9;104.0;100.0;184.42;104.4;3.7;100.0;100.0;100.9;103.6;100.0;184.42;104.1;3.7;100.0;100.0;100.9;103.3;100.0;184.42;103.7;3.7;100.0;100.0;100.9;103.0;100.0;184.42;103.4
"03 Obleka in obutev";7.5;86.9;86.9;101.4;101.4;86.9;90.90;99.3;7.5;87.6;100.9;99.4;100.4;87.3;91.69;99.5;7.5;95.6;109.1;96.9;99.1;90.1;100.04;99.1;7.5;99.6;104.1;97.6;98.7;92.4;104.18;98.9;7.5;101.5;101.9;98.3;98.6;94.3;106.19;98.9;7.5;100.6;99.1;98.8;98.7;95.3;105.23;98.9;7.5;85.9;85.4;100.0;98.8;94.0;89.87;98.9;7.5;86.7;100.9;99.3;98.9;93.1;90.67;98.7;7.5;96.0;110.8;99.6;99.0;93.4;100.47;98.8;7.5;101.0;105.2;98.0;98.9;94.2;105.68;98.8
"031 Obleka in storitve za obleko";5.8;85.6;85.6;102.3;102.3;85.6;88.93;99.2;5.8;86.2;100.7;99.7;101.0;85.9;89.54;99.4;5.8;95.2;110.5;97.4;99.7;89.0;98.92;99.0;5.8;97.2;102.1;98.2;99.3;91.1;100.99;99.0;5.8;99.3;102.1;98.4;99.1;92.7;103.10;98.9;5.8;98.8;99.5;98.7;99.0;93.7;102.57;98.8;5.8;84.1;85.2;100.3;99.2;92.4;87.39;98.9;5.8;85.5;101.7;99.8;99.3;91.5;88.84;98.7;5.8;95.0;111.0;100.7;99.4;91.9;98.63;99.1;5.8;99.6;104.9;98.7;99.3;92.7;103.45;99.2
"0311 Tkanine";0.0;93.9;93.9;97.3;97.3;93.9;115.72;96.3;0.0;94.7;100.9;100.1;98.7;94.3;116.71;96.9;0.0;100.0;105.6;100.7;99.4;96.2;123.29;97.3;0.0;100.1;100.1;100.8;99.8;97.2;123.46;97.6;0.0;100.1;100.0;100.8;100.0;97.8;123.46;98.0;0.0;100.1;100.0;100.8;100.1;98.2;123.46;98.2;0.0;88.8;88.6;97.1;99.7;96.8;109.43;98.7;0.0;88.8;100.0;94.5;99.1;95.8;109.43;98.4;0.0;99.8;112.4;103.9;99.6;96.2;122.99;99.4;0.0;99.9;100.1;99.9;99.6;96.6;123.14;99.6
"0312 Oblaèila";5.6;85.2;85.2;102.4;102.4;85.2;87.97;99.2;5.6;85.8;100.7;99.7;101.0;85.5;88.56;99.4;5.6;95.1;110.8;97.3;99.7;88.7;98.14;99.0;5.6;97.1;102.2;98.1;99.3;90.8;100.28;99.0;5.6;99.2;102.1;98.4;99.1;92.5;102.42;98.9;5.6;98.7;99.5;98.7;99.0;93.5;101.87;98.8;5.6;83.7;84.8;100.3;99.2;92.1;86.44;98.9;5.6;85.1;101.7;99.8;99.2;91.3;87.88;98.7;5.6;94.8;111.3;100.7;99.4;91.6;97.81;99.0;5.6;99.5;105.1;98.6;99.3;92.4;102.75;99.2
"0313 Drugi tekstilni izdelki in dodatki";0.1;98.4;98.4;100.1;100.1;98.4;113.14;100.1;0.1;100.2;101.9;102.3;101.2;99.3;115.28;100.2;0.1;101.0;100.7;98.9;100.4;99.9;116.13;100.0;0.1;100.2;99.3;98.8;100.0;99.9;115.27;99.9;0.1;101.1;100.9;99.1;99.8;100.2;116.27;99.8;0.1;101.5;100.5;100.1;99.9;100.4;116.80;99.8;0.1;97.6;96.1;99.5;99.8;100.0;112.27;99.7;0.1;99.9;102.3;101.1;100.0;100.0;114.85;99.8;0.1;102.7;102.8;101.7;100.2;100.3;118.10;100.0;0.1;102.7;100.0;101.4;100.3;100.5;118.08;100.2
"0314 Storitve za obleko";0.0;100.0;100.0;99.8;99.8;100.0;121.95;100.6;0.0;100.0;100.0;99.8;99.8;100.0;121.95;100.5;0.0;100.1;100.1;99.9;99.9;100.0;122.02;100.4;0.0;100.1;100.0;99.9;99.9;100.0;122.02;100.2;0.0;100.1;100.0;99.9;99.9;100.0;122.02;100.1;0.0;100.1;100.0;100.1;99.9;100.0;122.02;100.0;0.0;100.1;100.0;100.1;99.9;100.0;122.02;100.0;0.0;100.1;100.0;100.1;99.9;100.0;122.02;100.0;0.0;99.9;99.8;99.9;99.9;100.0;121.83;100.0;0.0;100.1;100.2;100.1;100.0;100.0;122.04;100.0
"032 Obutev in èevljarske storitve";1.7;91.2;91.2;98.8;98.8;91.2;97.90;99.9;1.7;92.5;101.4;98.3;98.5;91.9;99.31;100.1;1.7;96.9;104.8;95.3;97.4;93.6;104.03;99.2;1.7;107.6;111.0;96.0;97.0;97.1;115.47;98.8;1.7;109.2;101.5;97.8;97.2;99.5;117.16;98.9;1.7;106.8;97.9;98.9;97.5;100.7;114.64;99.1;1.7;91.9;86.1;99.0;97.7;99.5;98.66;99.0;1.7;90.5;98.5;97.8;97.7;98.3;97.17;98.7;1.7;99.7;110.1;96.3;97.6;98.5;107.01;98.0;1.7;105.9;106.2;95.8;97.4;99.2;113.61;97.5
"0321 Obutev";1.7;91.1;91.1;98.7;98.7;91.1;97.55;99.9;1.7;92.4;101.5;98.3;98.5;91.8;98.97;100.1;1.7;96.9;104.8;95.3;97.4;93.5;103.74;99.2;1.7;107.7;111.1;96.0;97.0;97.0;115.29;98.8;1.7;109.3;101.5;97.8;97.2;99.5;116.99;98.9;1.7;106.9;97.8;98.9;97.5;100.7;114.45;99.1;1.7;91.8;85.9;99.0;97.7;99.4;98.32;99.0;1.7;90.4;98.5;97.8;97.7;98.3;96.81;98.7;1.7;99.7;110.3;96.3;97.5;98.5;106.75;97.9;1.7;105.9;106.2;95.7;97.3;99.2;113.41;97.4
"04 Stanovanje";13.3;98.8;98.8;98.5;98.5;98.8;144.85;99.7;13.3;98.5;99.7;98.1;98.3;98.7;144.41;99.5;13.3;99.0;100.5;98.7;98.4;98.8;145.11;99.4;13.3;99.0;100.0;99.0;98.6;98.8;145.09;99.4;13.3;99.2;100.2;98.7;98.6;98.9;145.40;99.2;13.3;99.5;100.3;98.5;98.6;99.0;145.83;99.0;13.3;99.1;99.6;98.1;98.5;99.0;145.30;98.8;13.3;99.8;100.6;99.2;98.6;99.1;146.22;98.8;13.3;99.6;99.8;99.1;98.6;99.2;145.95;98.8;13.3;99.6;100.1;99.1;98.7;99.2;146.05;98.8
"041 Najemnina";0.8;100.1;100.1;101.8;101.8;100.1;107.10;99.6;0.8;100.3;100.2;101.7;101.8;100.2;107.30;99.9;0.8;100.5;100.2;102.0;101.9;100.3;107.50;100.2;0.8;100.3;99.8;101.6;101.8;100.3;107.30;100.4;0.8;99.9;99.6;100.8;101.6;100.2;106.91;100.6;0.8;100.0;100.1;100.8;101.5;100.2;107.01;100.7;0.8;100.3;100.3;100.7;101.4;100.2;107.35;100.7;0.8;101.1;100.7;101.4;101.4;100.3;108.15;100.9;0.8;101.8;100.7;103.0;101.5;100.5;108.92;101.3;0.8;102.8;101.0;104.1;101.8;100.7;110.01;101.7
"043 Redno vzdrževanje in popravilo";1.2;100.5;100.5;102.1;102.1;100.5;137.88;101.9;1.2;100.5;100.0;101.8;101.9;100.5;137.89;102.0;1.2;100.3;99.8;101.6;101.8;100.4;137.64;102.0;1.2;100.5;100.2;100.9;101.6;100.4;137.89;101.9;1.2;100.5;100.0;100.2;101.3;100.4;137.86;101.6;1.2;100.4;99.9;100.0;101.1;100.4;137.72;101.3;1.2;100.6;100.2;100.7;101.0;100.4;137.99;101.2;1.2;100.7;100.1;100.9;101.0;100.5;138.13;101.1;1.2;100.6;100.0;100.8;101.0;100.5;138.10;101.1;1.2;100.4;99.8;100.5;100.9;100.5;137.79;101.1
"0431 Material za vzdrževanje in popravilo";0.5;100.6;100.6;102.0;102.0;100.6;135.38;102.5;0.5;100.6;100.0;101.8;101.9;100.6;135.39;102.4;0.5;100.2;99.6;101.5;101.8;100.5;134.81;102.4;0.5;100.7;100.4;100.5;101.4;100.5;135.40;102.1;0.5;100.6;99.9;99.9;101.1;100.6;135.33;101.7;0.5;100.3;99.7;99.2;100.8;100.5;134.88;101.3;0.5;100.7;100.5;100.7;100.8;100.5;135.51;101.1;0.5;101.0;100.2;101.1;100.8;100.6;135.84;101.1;0.5;100.0;99.0;100.4;100.8;100.5;134.46;101.0;0.5;99.4;99.4;99.7;100.7;100.4;133.72;100.8
"0432 Storitve za vzdrževanje in popravilo";0.7;100.4;100.4;102.1;102.1;100.4;138.77;101.4;0.7;100.4;100.0;101.8;101.9;100.4;138.77;101.5;0.7;100.4;100.0;101.6;101.8;100.4;138.77;101.6;0.7;100.4;100.0;101.2;101.7;100.4;138.77;101.6;0.7;100.4;100.0;100.5;101.4;100.4;138.77;101.4;0.7;100.4;100.1;100.7;101.3;100.4;138.86;101.2;0.7;100.4;100.0;100.7;101.2;100.4;138.86;101.1;0.7;100.4;100.0;100.7;101.1;100.4;138.86;101.0;0.7;101.1;100.7;101.2;101.2;100.5;139.82;101.1;0.7;101.1;100.0;101.1;101.1;100.5;139.84;101.2
"044 Komunalne in druge storitve";3.4;99.8;99.8;101.0;101.0;99.8;126.82;102.1;3.4;99.6;99.8;100.5;100.7;99.7;126.57;101.6;3.4;100.0;100.4;100.7;100.7;99.8;127.14;101.2;3.4;100.5;100.5;102.9;101.3;100.0;127.74;101.4;3.4;100.5;100.0;100.9;101.2;100.1;127.77;101.4;3.4;101.2;100.7;101.6;101.3;100.3;128.70;101.3;3.4;101.3;100.0;101.9;101.4;100.4;128.74;101.4;3.4;101.5;100.2;102.0;101.4;100.5;129.05;101.4;3.4;101.4;99.9;101.7;101.5;100.6;128.94;101.4;3.4;101.5;100.0;101.6;101.5;100.7;128.99;101.4
"0441 Voda";1.5;100.3;100.3;98.9;98.9;100.3;96.81;98.5;1.5;100.3;100.0;98.9;98.9;100.3;96.81;98.3;1.5;101.1;100.8;99.5;99.1;100.6;97.61;98.3;1.5;101.1;100.0;101.1;99.6;100.7;97.61;98.5;1.5;101.1;100.0;101.1;99.9;100.8;97.61;98.7;1.5;102.9;101.7;102.9;100.4;101.1;99.27;99.1;1.5;102.8;99.9;102.8;100.7;101.4;99.18;99.5;1.5;103.7;100.9;103.7;101.1;101.7;100.06;100.0;1.5;103.7;100.0;103.7;101.4;101.9;100.06;100.5;1.5;103.7;100.0;103.7;101.6;102.1;100.06;101.0
"0442 Odvoz smeti";0.9;99.0;99.0;96.9;96.9;99.0;173.42;101.0;0.9;98.4;99.4;96.5;96.7;98.7;172.32;99.3;0.9;97.8;99.3;95.5;96.3;98.4;171.18;97.6;0.9;99.1;101.4;100.6;97.4;98.6;173.55;97.8;0.9;98.6;99.4;99.8;97.8;98.6;172.56;98.0;0.9;101.4;102.9;102.6;98.6;99.1;177.59;98.3;0.9;101.7;100.3;103.7;99.3;99.4;178.11;98.9;0.9;101.7;100.0;103.1;99.8;99.7;178.09;99.3;0.9;101.3;99.6;102.6;100.1;99.9;177.36;99.6;0.9;101.4;100.1;102.8;100.4;100.1;177.58;100.0
"0443 Kanalšèina";0.4;98.8;98.8;123.0;123.0;98.8;207.47;120.5;0.4;98.8;100.0;118.5;120.7;98.8;207.47;121.4;0.4;101.6;102.9;121.9;121.1;99.7;213.45;122.8;0.4;103.0;101.4;123.4;121.7;100.5;216.43;124.3;0.4;103.0;100.0;102.7;117.2;101.0;216.43;122.0;0.4;95.2;92.4;95.2;113.1;100.1;199.91;119.0;0.4;95.3;100.1;95.3;110.3;99.4;200.19;116.3;0.4;96.0;100.8;96.0;108.3;99.0;201.78;113.6;0.4;96.0;100.0;96.0;106.8;98.6;201.78;111.1;0.4;96.0;100.0;96.0;105.7;98.4;201.78;108.6
"0444 Druge storitve za stanovanje";0.7;100.1;100.1;101.6;101.6;100.1;122.27;103.4;0.7;100.0;99.9;101.2;101.4;100.0;122.12;103.2;0.7;99.8;99.8;101.1;101.3;99.9;121.88;103.0;0.7;99.6;99.8;100.5;101.1;99.8;121.65;102.8;0.7;100.5;100.9;101.0;101.1;100.0;122.73;102.6;0.7;100.7;100.3;101.2;101.1;100.1;123.06;102.2;0.7;100.6;99.9;101.0;101.1;100.2;122.95;101.8;0.7;99.5;98.9;100.0;101.0;100.1;121.55;101.4;0.7;99.6;100.1;99.4;100.8;100.0;121.72;101.0;0.7;99.7;100.0;98.8;100.6;100.0;121.77;100.7
"045 Goriva in energija";7.8;98.0;98.0;96.5;96.5;98.0;159.12;98.5;7.8;97.6;99.5;96.1;96.3;97.8;158.40;98.3;7.8;98.2;100.6;97.1;96.6;97.9;159.40;98.2;7.8;98.0;99.8;96.8;96.6;97.9;159.02;98.1;7.8;98.4;100.4;97.2;96.8;98.0;159.66;97.9;7.8;98.5;100.2;96.6;96.7;98.1;159.95;97.5;7.8;97.9;99.3;95.9;96.6;98.1;158.83;97.2;7.8;98.7;100.9;97.5;96.7;98.2;160.24;97.2;7.8;98.4;99.6;97.3;96.8;98.2;159.68;97.1;7.8;98.4;100.0;97.3;96.8;98.2;159.72;97.0
"0451 Elektrièna energija";3.7;99.9;99.9;98.8;98.8;99.9;166.11;97.0;3.7;99.9;100.0;99.1;98.9;99.9;166.11;97.1;3.7;99.9;100.0;99.3;99.0;99.9;166.11;97.2;3.7;99.9;100.0;99.3;99.1;99.9;166.11;97.3;3.7;99.9;100.0;99.9;99.3;99.9;166.11;97.5;3.7;99.9;100.0;99.9;99.4;99.9;166.11;97.7;3.7;99.9;100.0;99.9;99.4;99.9;166.11;98.0;3.7;103.3;103.5;103.3;99.9;100.3;171.90;98.6;3.7;103.3;100.0;103.3;100.3;100.6;171.90;99.2;3.7;103.2;99.9;103.2;100.6;100.9;171.65;99.8
"0452 Plin";1.3;100.5;100.5;101.2;101.2;100.5;158.39;101.3;1.3;100.0;99.5;100.7;101.0;100.3;157.63;101.5;1.3;98.9;98.9;99.6;100.5;99.8;155.90;101.6;1.3;98.9;100.0;99.6;100.3;99.6;155.90;101.7;1.3;96.4;97.4;96.8;99.6;99.0;151.91;101.5;1.3;96.9;100.5;96.6;99.1;98.6;152.70;100.8;1.3;96.2;99.3;95.9;98.6;98.3;151.58;100.2;1.3;96.2;100.0;95.9;98.3;98.0;151.57;99.6;1.3;95.6;99.4;95.2;97.9;97.7;150.73;98.9;1.3;95.0;99.3;94.5;97.6;97.5;149.70;98.3
"0453 Tekoèa goriva";1.2;88.5;88.5;83.7;83.7;88.5;149.85;99.3;1.2;87.7;99.1;83.2;83.5;88.1;148.44;98.2;1.2;91.1;103.9;86.3;84.4;89.1;154.28;97.2;1.2;88.4;97.0;84.4;84.4;88.9;149.68;96.0;1.2;94.6;107.0;89.4;85.4;90.1;160.12;94.7;1.2;95.0;100.4;88.3;85.9;90.9;160.82;93.3;1.2;91.3;96.1;84.0;85.6;90.9;154.63;91.6;1.2;86.2;94.4;80.3;85.0;90.3;145.96;89.8;1.2;85.2;98.8;79.9;84.4;89.8;144.19;88.2;1.2;87.4;102.6;81.8;84.1;89.5;147.91;86.5
"0454 Trda goriva";0.7;98.6;98.6;95.3;95.3;98.6;127.78;99.0;0.7;98.9;100.3;93.6;94.4;98.7;128.20;98.0;0.7;98.9;100.0;94.8;94.5;98.8;128.17;97.5;0.7;98.9;100.0;93.7;94.3;98.8;128.14;96.7;0.7;98.1;99.2;93.6;94.2;98.7;127.12;96.0;0.7;98.5;100.4;93.4;94.1;98.6;127.67;95.2;0.7;98.7;100.2;93.6;94.0;98.7;127.95;94.5;0.7;98.6;99.9;98.8;94.6;98.6;127.81;94.7;0.7;98.3;99.7;99.8;95.1;98.6;127.43;94.9;0.7;97.6;99.2;100.1;95.6;98.5;126.47;95.4
"0455 Daljinska energija";1.0;99.0;99.0;99.4;99.4;99.0;174.93;99.5;1.0;96.8;97.8;97.0;98.2;97.9;171.06;99.4;1.0;99.1;102.4;100.8;99.0;98.3;175.12;99.8;1.0;100.5;101.4;102.3;99.8;98.9;177.62;100.3;1.0;100.2;99.6;100.5;99.9;99.1;176.98;100.4;1.0;100.1;99.9;97.8;99.6;99.3;176.84;100.1;1.0;99.8;99.7;98.1;99.4;99.3;176.29;99.9;1.0;99.9;100.1;98.6;99.3;99.4;176.46;99.8;1.0;99.3;99.4;97.7;99.1;99.4;175.40;99.6;1.0;98.7;99.5;96.9;98.9;99.3;174.50;99.2
"05 Stanovanjska oprema";6.9;99.8;99.8;98.6;98.6;99.8;120.83;98.8;6.9;99.6;99.8;98.1;98.3;99.7;120.55;98.7;6.9;99.1;99.5;97.9;98.2;99.5;119.97;98.6;6.9;99.2;100.1;97.7;98.1;99.4;120.11;98.4;6.9;99.5;100.3;97.9;98.0;99.4;120.44;98.2;6.9;99.2;99.7;98.6;98.1;99.4;120.08;98.2;6.9;99.2;100.0;99.6;98.3;99.4;120.10;98.3;6.9;99.2;100.0;99.6;98.5;99.4;120.05;98.4;6.9;99.4;100.2;99.8;98.6;99.4;120.26;98.6;6.9;99.4;100.1;100.0;98.8;99.4;120.36;98.8
"051 Pohištvo in talne obloge";2.8;99.9;99.9;98.7;98.7;99.9;125.65;99.0;2.8;99.4;99.5;97.8;98.2;99.7;125.04;98.9;2.8;98.4;99.0;97.1;97.9;99.3;123.80;98.7;2.8;98.4;99.9;96.2;97.4;99.0;123.74;98.4;2.8;98.3;99.9;95.6;97.1;98.9;123.63;97.9;2.8;98.0;99.7;97.3;97.1;98.7;123.26;97.6;2.8;98.0;100.0;99.1;97.4;98.6;123.23;97.7;2.8;98.4;100.5;99.1;97.6;98.6;123.78;97.9;2.8;98.9;100.5;99.5;97.8;98.6;124.41;98.0;2.8;99.7;100.8;100.4;98.1;98.8;125.41;98.2
"0511 Pohištvo in oprema";2.6;99.9;99.9;98.4;98.4;99.9;126.37;98.9;2.6;99.3;99.4;97.5;97.9;99.6;125.58;98.8;2.6;98.2;98.9;96.4;97.4;99.1;124.14;98.5;2.6;98.0;99.9;95.4;96.9;98.8;123.98;98.1;2.6;98.0;100.0;95.0;96.5;98.7;123.97;97.5;2.6;97.7;99.7;97.1;96.6;98.5;123.61;97.3;2.6;97.7;100.0;98.8;96.9;98.4;123.58;97.4;2.6;98.1;100.4;98.6;97.1;98.4;124.07;97.5;2.6;98.8;100.7;99.3;97.4;98.4;124.99;97.6;2.6;99.8;101.0;100.3;97.7;98.6;126.24;97.8
"0512 Preproge in talne obloge";0.3;99.9;99.9;102.3;102.3;99.9;110.56;100.2;0.3;100.8;101.0;100.7;101.5;100.4;111.62;100.1;0.3;101.4;100.5;104.6;102.5;100.7;112.20;100.6;0.3;102.1;100.7;104.8;103.1;101.0;113.05;101.0;0.3;101.2;99.1;102.6;103.0;101.1;112.03;101.1;0.3;100.8;99.6;100.1;102.5;101.0;111.59;100.9;0.3;100.8;100.0;102.0;102.4;101.0;111.59;101.0;0.3;101.8;101.0;103.8;102.6;101.1;112.73;101.4;0.3;99.9;98.1;102.0;102.5;101.0;110.64;101.6;0.3;98.7;98.8;101.7;102.5;100.8;109.30;102.3
"052 Tekstilni izdelki za gospodinjstvo";0.5;100.0;100.0;99.9;99.9;100.0;105.93;99.8;0.5;100.2;100.2;97.3;98.6;100.1;106.13;99.5;0.5;99.4;99.2;99.6;98.9;99.9;105.32;99.4;0.5;99.6;100.1;98.8;98.9;99.8;105.45;99.3;0.5;100.9;101.4;99.7;99.0;100.0;106.92;99.3;0.5;100.5;99.5;98.8;99.0;100.1;106.42;99.0;0.5;98.7;98.2;98.8;99.0;99.9;104.54;98.7;0.5;100.3;101.6;100.3;99.1;100.0;106.21;98.7;0.5;100.1;99.8;100.6;99.3;100.0;105.97;98.9;0.5;99.4;99.3;102.4;99.6;99.9;105.26;99.4
"053 Naprave in aparati za gospodinjstvo";1.0;99.6;99.6;95.5;95.5;99.6;97.88;96.2;1.0;99.3;99.7;96.0;95.8;99.4;97.57;96.1;1.0;99.1;99.8;96.7;96.1;99.3;97.42;96.2;1.0;100.0;100.9;97.7;96.5;99.5;98.27;96.2;1.0;100.2;100.3;98.0;96.8;99.6;98.53;96.3;1.0;99.3;99.1;97.2;96.8;99.6;97.64;96.3;1.0;99.6;100.3;98.8;97.1;99.6;97.91;96.6;1.0;99.7;100.1;99.3;97.4;99.6;97.98;97.0;1.0;99.2;99.5;98.9;97.5;99.5;97.50;97.3;1.0;99.0;99.8;99.4;97.7;99.5;97.35;97.6
"0531 Gospodinjske naprave";0.9;99.5;99.5;95.4;95.4;99.5;96.88;96.0;0.9;99.2;99.7;96.0;95.7;99.4;96.60;96.0;0.9;99.0;99.8;96.8;96.1;99.3;96.40;96.1;0.9;100.0;100.9;97.6;96.4;99.4;97.30;96.2;0.9;100.2;100.2;97.9;96.7;99.6;97.51;96.3;0.9;99.2;99.1;97.1;96.8;99.5;96.61;96.3;0.9;99.5;100.3;98.7;97.1;99.5;96.88;96.6;0.9;99.5;99.9;99.2;97.3;99.5;96.82;96.9;0.9;98.9;99.5;98.7;97.5;99.4;96.31;97.2;0.9;98.8;99.9;99.4;97.7;99.4;96.22;97.6
"0532 Mali gospodinjski aparati";0.1;99.8;99.8;94.5;94.5;99.8;95.53;96.0;0.1;99.1;99.2;94.6;94.5;99.4;94.80;95.5;0.1;99.4;100.3;94.4;94.5;99.4;95.11;95.2;0.1;100.0;100.6;97.2;95.2;99.6;95.72;95.1;0.1;100.9;100.9;98.0;95.7;99.8;96.61;95.1;0.1;99.7;98.8;96.3;95.8;99.8;95.45;95.1;0.1;100.2;100.4;99.3;96.3;99.9;95.87;95.5;0.1;101.6;101.5;100.5;96.8;100.1;97.28;96.0;0.1;101.3;99.7;100.3;97.2;100.2;96.96;96.6;0.1;100.5;99.2;99.9;97.4;100.3;96.22;97.1
"0533 Popravilo gospodinjskih naprav";0.0;100.0;100.0;99.7;99.7;100.0;126.03;100.4;0.0;100.0;100.0;99.7;99.7;100.0;126.03;100.3;0.0;100.0;100.0;99.7;99.7;100.0;126.03;100.2;0.0;100.0;100.0;99.7;99.7;100.0;126.03;100.1;0.0;100.0;100.0;99.7;99.7;100.0;126.03;100.0;0.0;100.0;100.0;99.7;99.7;100.0;126.03;99.8;0.0;100.0;100.0;99.7;99.7;100.0;126.03;99.8;0.0;100.0;100.0;99.7;99.7;100.0;126.03;99.8;0.0;99.7;99.7;99.5;99.7;100.0;125.71;99.7;0.0;99.7;100.0;99.7;99.7;99.9;125.71;99.7
"054 Steklenina, posoda in pribor";0.4;99.8;99.8;97.0;97.0;99.8;127.09;97.8;0.4;100.0;100.2;97.7;97.3;99.9;127.31;97.7;0.4;100.1;100.1;98.3;97.7;100.0;127.41;97.5;0.4;100.5;100.4;99.2;98.0;100.1;127.91;97.6;0.4;100.8;100.4;99.5;98.3;100.2;128.37;97.6;0.4;101.0;100.2;99.9;98.6;100.4;128.57;97.8;0.4;100.7;99.7;99.7;98.8;100.4;128.22;97.9;0.4;100.9;100.2;100.0;98.9;100.5;128.46;98.1;0.4;100.6;99.7;100.3;99.1;100.5;128.07;98.4;0.4;99.5;98.9;99.7;99.1;100.4;126.70;98.6
"055 Orodje in pripomoèki za hišo in vrt";0.4;99.5;99.5;98.0;98.0;99.5;108.86;99.5;0.4;100.0;100.5;98.2;98.1;99.7;109.43;99.4;0.4;98.9;98.9;97.4;97.9;99.4;108.27;99.3;0.4;101.0;102.1;99.0;98.2;99.8;110.55;99.2;0.4;100.7;99.8;98.6;98.2;100.0;110.28;98.9;0.4;99.9;99.2;98.2;98.2;100.0;109.35;98.7;0.4;99.8;99.9;98.5;98.3;100.0;109.29;98.5;0.4;99.2;99.4;98.7;98.3;99.9;108.62;98.5;0.4;99.0;99.7;99.3;98.4;99.8;108.33;98.5;0.4;99.8;100.8;99.8;98.6;99.8;109.22;98.6
"056 Izdelki in storitve za vzdrževanje gospodinjstva";1.7;99.9;99.9;100.3;100.3;99.9;137.18;99.9;1.7;99.7;99.8;100.0;100.1;99.8;136.94;99.8;1.7;99.9;100.2;99.6;99.9;99.8;137.28;99.7;1.7;99.3;99.4;99.3;99.8;99.7;136.43;99.5;1.7;100.0;100.7;100.5;99.9;99.8;137.34;99.6;1.7;100.1;100.1;101.2;100.1;99.8;137.53;99.8;1.7;100.7;100.6;101.4;100.3;99.9;138.29;100.0;1.7;99.4;98.7;100.4;100.3;99.9;136.50;100.2;1.7;99.8;100.4;100.4;100.3;99.9;137.05;100.3;1.7;99.1;99.3;99.2;100.2;99.8;136.15;100.2
"0561 Izdelki za vzdrževanje gospodinjstva";1.6;99.8;99.8;100.2;100.2;99.8;137.90;99.8;1.6;99.7;99.8;100.0;100.1;99.7;137.66;99.7;1.6;99.9;100.3;99.5;99.9;99.8;138.02;99.6;1.6;99.3;99.4;99.3;99.8;99.7;137.15;99.4;1.6;100.0;100.7;100.5;99.9;99.7;138.14;99.5;1.6;100.1;100.1;101.4;100.1;99.8;138.34;99.8;1.6;100.7;100.6;101.5;100.3;99.9;139.15;100.0;1.6;99.3;98.6;100.5;100.4;99.9;137.20;100.1;1.6;99.8;100.4;100.4;100.4;99.8;137.80;100.3;1.6;99.0;99.3;99.1;100.2;99.8;136.79;100.2
"0562 Storitve za vzdrževanje gospodinjstva";0.1;100.3;100.3;100.6;100.6;100.3;124.05;101.6;0.1;100.1;99.8;100.3;100.5;100.2;123.83;101.4;0.1;100.1;100.0;100.1;100.3;100.2;123.83;101.1;0.1;99.8;99.6;99.8;100.2;100.1;123.35;100.9;0.1;99.8;100.0;99.8;100.1;100.0;123.35;100.6;0.1;99.8;100.0;99.8;100.0;100.0;123.35;100.3;0.1;99.9;100.2;99.9;100.0;100.0;123.56;100.3;0.1;99.9;100.0;99.9;100.0;100.0;123.56;100.2;0.1;99.9;100.0;100.1;100.0;100.0;123.56;100.1;0.1;100.2;100.3;100.2;100.0;100.0;123.95;100.1
"06 Zdravje";5.3;100.1;100.1;100.4;100.4;100.1;110.52;99.9;5.3;99.5;99.4;99.7;100.0;99.8;109.81;99.9;5.3;99.8;100.3;100.1;100.0;99.8;110.14;99.9;5.3;99.9;100.1;99.8;100.0;99.8;110.27;99.8;5.3;99.9;100.0;99.7;99.9;99.8;110.22;99.7;5.3;100.1;100.2;100.2;100.0;99.9;110.46;99.7;5.3;100.7;100.6;101.2;100.2;100.0;111.15;99.8;5.3;100.9;100.2;101.3;100.3;100.1;111.37;100.0;5.3;100.9;100.0;100.9;100.4;100.2;111.40;100.2;5.3;100.7;99.8;100.8;100.4;100.2;111.20;100.3
"061 Zdravila in medicinski izdelki";3.4;100.0;100.0;100.5;100.5;100.0;106.35;100.3;3.4;99.0;98.9;99.4;99.9;99.5;105.22;100.1;3.4;99.4;100.4;99.6;99.8;99.5;105.68;100.0;3.4;99.6;100.2;99.2;99.7;99.5;105.86;99.8;3.4;99.5;99.9;99.1;99.6;99.5;105.79;99.6;3.4;99.8;100.3;99.9;99.6;99.6;106.13;99.5;3.4;99.9;100.0;100.4;99.7;99.6;106.15;99.6;3.4;100.2;100.3;100.6;99.8;99.7;106.48;99.8;3.4;100.2;100.0;100.2;99.9;99.7;106.52;99.9;3.4;100.2;100.0;100.4;99.9;99.8;106.54;100.0
"0611 Zdravila";2.4;100.0;100.0;100.7;100.7;100.0;106.14;100.2;2.4;98.6;98.6;99.2;100.0;99.3;104.67;100.0;2.4;98.7;100.1;98.8;99.6;99.1;104.73;99.8;2.4;99.0;100.3;98.6;99.3;99.1;105.07;99.5;2.4;99.1;100.1;98.6;99.2;99.1;105.13;99.3;2.4;99.5;100.4;99.8;99.3;99.1;105.58;99.1;2.4;99.6;100.1;100.7;99.5;99.2;105.73;99.4;2.4;99.9;100.2;100.7;99.6;99.3;105.98;99.6;2.4;100.0;100.2;100.3;99.7;99.4;106.16;99.8;2.4;100.0;100.0;100.0;99.7;99.4;106.17;99.8
"0612 Medicinski in terapevtski izdelki";1.0;100.1;100.1;100.0;100.0;100.1;107.72;100.4;1.0;99.8;99.7;99.8;99.9;100.0;107.42;100.4;1.0;101.1;101.3;101.5;100.4;100.4;108.84;100.5;1.0;101.0;99.8;100.9;100.5;100.5;108.65;100.6;1.0;100.6;99.6;100.2;100.5;100.5;108.26;100.5;1.0;100.7;100.1;100.2;100.4;100.6;108.35;100.4;1.0;100.4;99.7;99.8;100.3;100.5;108.02;100.3;1.0;100.9;100.5;100.3;100.3;100.6;108.55;100.3;1.0;100.6;99.7;100.1;100.3;100.6;108.25;100.2;1.0;100.6;100.0;101.2;100.4;100.6;108.29;100.4
"062 Zdravstvene, zobozdravstvene in druge storitve";1.4;100.3;100.3;100.4;100.4;100.3;126.10;99.6;1.4;100.4;100.1;100.5;100.5;100.4;126.24;99.8;1.4;100.5;100.1;101.1;100.7;100.4;126.33;99.9;1.4;100.6;100.1;101.1;100.8;100.5;126.40;100.0;1.4;100.6;100.0;101.1;100.9;100.5;126.40;100.1;1.4;100.6;100.0;101.1;100.9;100.5;126.40;100.2;1.4;102.1;101.5;102.6;101.1;100.7;128.30;100.4;1.4;102.1;100.0;102.6;101.3;100.9;128.30;100.7;1.4;102.1;100.0;102.1;101.4;101.0;128.30;100.9;1.4;101.9;99.8;101.9;101.4;101.1;128.01;101.1
"0621 Zdravstvene in paramedicinske storitve";0.6;100.4;100.4;101.5;101.5;100.4;130.50;100.6;0.6;100.7;100.3;101.7;101.6;100.6;130.86;100.8;0.6;100.9;100.2;102.3;101.8;100.7;131.10;101.0;0.6;101.0;100.1;102.4;102.0;100.8;131.29;101.2;0.6;101.0;100.0;102.4;102.1;100.8;131.29;101.3;0.6;101.0;100.0;102.3;102.1;100.8;131.28;101.5;0.6;102.1;101.0;103.3;102.3;101.0;132.66;101.7;0.6;102.1;100.0;103.3;102.4;101.2;132.66;102.0;0.6;102.1;100.0;102.1;102.4;101.3;132.66;102.1;0.6;101.9;99.8;101.9;102.3;101.3;132.45;102.1
"0622 Zobozdravstvene storitve";0.9;100.3;100.3;99.8;99.8;100.3;122.98;98.9;0.9;100.3;100.0;99.8;99.8;100.3;122.98;99.1;0.9;100.3;100.0;100.3;99.9;100.3;122.98;99.2;0.9;100.3;100.0;100.3;100.0;100.3;122.98;99.2;0.9;100.3;100.0;100.3;100.1;100.3;122.98;99.3;0.9;100.3;100.0;100.3;100.1;100.3;122.98;99.4;0.9;102.1;101.8;102.1;100.4;100.5;125.21;99.6;0.9;102.1;100.0;102.1;100.6;100.7;125.21;99.8;0.9;102.1;100.0;102.1;100.8;100.9;125.21;100.1;0.9;101.8;99.7;101.8;100.9;101.0;124.86;100.4
"063 Bolnišniène storitve";0.4;100.1;100.1;99.2;99.2;100.1;83.70;98.2;0.4;100.3;100.2;99.4;99.3;100.2;83.85;98.4;0.4;100.3;100.0;100.2;99.6;100.2;83.85;98.6;0.4;100.2;100.0;100.1;99.7;100.2;83.81;98.7;0.4;100.2;100.0;100.2;99.8;100.2;83.81;98.8;0.4;100.2;100.0;100.2;99.9;100.2;83.81;99.0;0.4;102.8;102.6;102.8;100.3;100.6;85.96;99.3;0.4;102.8;100.0;102.8;100.6;100.9;85.96;99.6;0.4;102.8;100.0;102.8;100.9;101.1;85.96;100.1;0.4;101.2;98.5;101.2;100.9;101.1;84.66;100.4
"07 Prevoz";15.2;97.3;97.3;95.2;95.2;97.3;99.43;99.8;15.2;97.5;100.2;95.4;95.3;97.4;99.63;99.5;15.2;98.9;101.4;96.0;95.5;97.9;101.02;99.1;15.2;98.2;99.4;94.9;95.3;98.0;100.40;98.6;15.2;99.5;101.3;96.0;95.5;98.3;101.65;98.0;15.2;99.4;99.9;95.8;95.5;98.5;101.54;97.5;15.2;99.1;99.7;95.5;95.5;98.5;101.26;97.1;15.2;98.4;99.3;95.2;95.5;98.5;100.59;96.7;15.2;95.9;97.5;93.5;95.3;98.2;98.04;96.2;15.2;95.6;99.6;93.3;95.1;98.0;97.66;95.7
"071 Prometna sredstva";5.1;100.3;100.3;98.3;98.3;100.3;62.31;98.9;5.1;99.9;99.7;97.7;98.0;100.1;62.11;98.8;5.1;101.5;101.6;98.7;98.2;100.6;63.08;98.7;5.1;101.0;99.5;97.6;98.1;100.7;62.74;98.5;5.1;100.6;99.6;98.1;98.1;100.7;62.52;98.4;5.1;100.0;99.4;97.5;98.0;100.6;62.16;98.3;5.1;100.1;100.1;97.8;98.0;100.5;62.20;98.1;5.1;100.0;100.0;97.5;97.9;100.4;62.17;98.0;5.1;99.5;99.4;97.3;97.8;100.3;61.82;97.9;5.1;99.2;99.8;97.3;97.8;100.2;61.67;97.8
"0711 Osebni avtomobili";4.9;100.3;100.3;98.4;98.4;100.3;60.93;99.0;4.9;99.9;99.6;97.8;98.1;100.1;60.69;98.9;4.9;101.4;101.5;98.8;98.3;100.5;61.58;98.8;4.9;100.6;99.2;97.6;98.1;100.6;61.11;98.6;4.9;100.3;99.6;97.9;98.1;100.5;60.89;98.5;4.9;99.7;99.4;97.4;98.0;100.4;60.54;98.3;4.9;99.8;100.1;97.6;97.9;100.3;60.62;98.2;4.9;99.8;100.0;97.3;97.8;100.2;60.61;98.0;4.9;99.2;99.4;97.0;97.7;100.1;60.22;97.9;4.9;99.0;99.8;97.1;97.7;100.0;60.11;97.8
"07111 Novi osebni avtomobili";3.1;100.0;100.0;98.7;98.7;100.0;92.47;101.0;3.1;100.2;100.2;98.5;98.6;100.1;92.67;100.6;3.1;102.3;102.0;100.3;99.2;100.8;94.56;100.4;3.1;101.6;99.3;98.8;99.1;101.0;93.89;100.1;3.1;101.5;99.9;99.5;99.2;101.1;93.81;99.9;3.1;101.8;100.4;99.8;99.3;101.2;94.14;99.7;3.1;101.5;99.7;99.5;99.3;101.3;93.83;99.5;3.1;101.3;99.8;98.3;99.2;101.3;93.68;99.3;3.1;100.6;99.3;98.0;99.1;101.2;93.04;99.1;3.1;101.0;100.3;98.4;99.0;101.2;93.34;99.0
"07112 Rabljeni osebni avtomobili";1.8;100.8;100.8;98.0;98.0;100.8;24.26;95.7;1.8;99.4;98.6;96.6;97.3;100.1;23.92;96.1;1.8;99.9;100.5;96.3;97.0;100.0;24.04;96.2;1.8;99.0;99.2;95.5;96.6;99.8;23.84;96.3;1.8;98.2;99.2;95.3;96.4;99.5;23.64;96.3;1.8;96.1;97.8;93.2;95.8;98.9;23.13;96.1;1.8;97.0;100.9;94.3;95.6;98.6;23.35;95.9;1.8;97.2;100.2;95.6;95.6;98.4;23.40;95.9;1.8;96.6;99.4;95.1;95.6;98.2;23.26;95.7;1.8;95.6;98.9;94.8;95.5;98.0;23.01;95.6
"0712 Motorna kolesa in kolesa";0.2;99.1;99.1;94.6;94.6;99.1;102.36;97.8;0.2;100.7;101.6;96.2;95.4;99.9;103.97;97.3;0.2;104.9;104.2;95.5;95.4;101.6;108.37;96.6;0.2;110.5;105.3;99.6;96.5;103.8;114.07;96.5;0.2;110.1;99.6;102.9;97.8;105.1;113.67;97.0;0.2;109.3;99.3;102.0;98.5;105.8;112.92;97.4;0.2;107.5;98.3;102.5;99.0;106.0;111.02;97.9;0.2;106.9;99.5;104.0;99.6;106.1;110.44;98.5;0.2;108.2;101.2;106.8;100.4;106.4;111.75;99.3;0.2;106.5;98.4;105.2;100.8;106.4;109.95;100.0
"072 Izdelki in storitve povezani z delovanjem prometnih sredstev";8.8;95.6;95.6;92.4;92.4;95.6;138.24;99.6;8.8;95.8;100.3;93.2;92.8;95.7;138.60;99.2;8.8;97.3;101.6;94.1;93.2;96.2;140.83;98.7;8.8;96.8;99.5;93.4;93.3;96.4;140.06;98.1;8.8;99.2;102.5;94.8;93.6;97.0;143.57;97.3;8.8;99.2;99.9;94.7;93.8;97.3;143.44;96.7;8.8;98.8;99.6;94.1;93.8;97.5;142.87;96.1;8.8;97.4;98.6;93.8;93.8;97.5;140.84;95.6;8.8;93.5;96.0;90.6;93.5;97.1;135.20;94.9;8.8;93.0;99.5;90.1;93.1;96.7;134.58;94.0
"0721 Rezervni deli";0.5;100.1;100.1;99.4;99.4;100.1;129.51;100.5;0.5;100.2;100.2;99.2;99.3;100.2;129.73;100.3;0.5;99.7;99.4;98.7;99.1;100.0;128.98;100.2;0.5;96.6;96.9;99.1;99.1;99.1;124.99;99.9;0.5;96.1;99.5;98.9;99.1;98.5;124.39;99.6;0.5;96.8;100.8;99.8;99.2;98.2;125.34;99.5;0.5;96.5;99.6;99.6;99.2;98.0;124.88;99.5;0.5;96.7;100.2;99.4;99.3;97.8;125.18;99.4;0.5;96.6;99.9;99.4;99.3;97.7;125.01;99.3;0.5;97.2;100.6;99.8;99.3;97.6;125.76;99.3
"0722 Goriva in maziva";5.5;92.6;92.6;87.5;87.5;92.6;134.48;97.0;5.5;92.9;100.3;88.8;88.2;92.7;134.93;96.6;5.5;95.5;102.9;90.7;89.0;93.6;138.82;96.2;5.5;95.0;99.4;89.4;89.1;94.0;138.02;95.5;5.5;98.9;104.1;91.9;89.7;95.0;143.71;94.7;5.5;98.7;99.8;91.7;90.0;95.6;143.49;93.9;5.5;97.7;98.9;90.3;90.1;95.9;141.93;93.1;5.5;94.6;96.8;89.0;89.9;95.7;137.46;92.4;5.5;89.6;94.8;85.1;89.4;95.1;130.26;91.5;5.5;89.0;99.3;84.4;88.9;94.5;129.34;90.2
"0723 Vzdrževanje in popravilo vozil";1.2;100.0;100.0;100.6;100.6;100.0;151.62;102.7;1.2;100.4;100.4;100.9;100.7;100.2;152.18;102.4;1.2;100.4;100.0;100.7;100.7;100.2;152.18;102.1;1.2;100.3;99.9;100.6;100.7;100.3;152.06;101.8;1.2;100.3;100.0;100.1;100.6;100.3;152.06;101.5;1.2;100.4;100.1;100.3;100.5;100.3;152.18;101.2;1.2;100.4;100.0;100.3;100.5;100.3;152.18;101.0;1.2;100.4;100.0;100.3;100.5;100.3;152.18;100.9;1.2;100.4;100.0;100.4;100.5;100.3;152.22;100.6;1.2;100.7;100.3;100.7;100.5;100.4;152.74;100.6
"0724 Druge storitve";1.6;101.1;101.1;101.4;101.4;101.1;127.97;106.2;1.6;101.1;100.0;101.1;101.3;101.1;127.96;105.5;1.6;100.5;99.5;100.3;100.9;100.9;127.28;104.7;1.6;100.6;100.0;100.4;100.8;100.8;127.29;103.9;1.6;100.6;100.0;100.3;100.7;100.8;127.29;103.1;1.6;100.3;99.8;100.0;100.6;100.7;127.01;102.4;1.6;101.9;101.6;101.6;100.7;100.9;129.01;102.1;1.6;104.7;102.7;104.4;101.2;101.3;132.49;102.1;1.6;100.3;95.9;100.1;101.1;101.2;127.00;101.8;1.6;99.7;99.4;99.6;100.9;101.1;126.22;101.4
"073 Prevozne storitve";1.3;97.6;97.6;103.2;103.2;97.6;111.93;104.8;1.3;99.5;101.9;101.6;102.4;98.5;114.11;104.5;1.3;98.7;99.3;97.9;100.9;98.6;113.27;103.7;1.3;97.4;98.6;94.3;99.1;98.3;111.70;102.4;1.3;96.7;99.3;96.1;98.5;98.0;110.90;101.6;1.3;98.2;101.6;97.1;98.3;98.0;112.64;100.8;1.3;97.4;99.2;96.5;98.0;97.9;111.75;100.0;1.3;99.5;102.1;96.1;97.8;98.1;114.10;99.1;1.3;99.1;99.7;99.5;98.0;98.2;113.70;98.9;1.3;98.5;99.4;100.6;98.2;98.3;113.02;99.0
"0731 Železniški potniški prevozi";0.2;100.0;100.0;105.9;105.9;100.0;132.92;104.9;0.2;100.0;100.0;105.9;105.9;100.0;132.92;105.4;0.2;100.0;100.0;105.9;105.9;100.0;132.92;105.9;0.2;100.0;100.0;100.0;104.4;100.0;132.92;105.4;0.2;100.0;100.0;100.0;103.5;100.0;132.92;104.9;0.2;100.0;100.0;100.0;102.9;100.0;132.92;104.4;0.2;100.0;100.0;100.0;102.5;100.0;132.92;103.9;0.2;100.0;100.0;100.0;102.1;100.0;132.92;103.4;0.2;100.0;100.0;100.0;101.9;100.0;132.92;102.9;0.2;100.0;100.0;100.0;101.7;100.0;132.92;102.4
"0732 Cestni potniški prevozi";0.6;100.0;100.0;99.7;99.7;100.0;96.06;102.2;0.6;100.0;100.0;100.0;99.9;100.0;96.06;101.8;0.6;100.0;100.0;100.0;99.9;100.0;96.06;101.5;0.6;100.0;100.0;100.0;100.0;100.0;96.06;101.1;0.6;100.0;100.0;100.1;100.0;100.0;96.09;100.7;0.6;100.0;100.0;100.1;100.0;100.0;96.09;100.3;0.6;96.9;96.8;100.2;100.0;99.6;93.04;100.1;0.6;96.9;100.0;100.2;100.0;99.2;93.04;99.9;0.6;99.8;103.0;100.5;100.1;99.3;95.85;100.0;0.6;100.5;100.7;101.2;100.2;99.4;96.57;100.1
"0733 Letalski potniški prevozi";0.4;92.2;92.2;108.3;108.3;92.2;131.54;109.3;0.4;98.3;106.6;102.3;105.1;95.2;140.26;108.9;0.4;95.9;97.6;91.0;99.9;95.5;136.91;106.5;0.4;91.5;95.4;83.0;95.2;94.5;130.63;103.2;0.4;89.2;97.5;87.7;93.7;93.4;127.32;101.5;0.4;94.1;105.5;91.0;93.2;93.5;134.32;99.8;0.4;96.6;102.6;89.4;92.6;94.0;137.87;98.0;0.4;103.2;106.8;89.1;92.1;95.1;147.30;95.8;0.4;97.5;94.5;97.5;92.7;95.4;139.13;95.3;0.4;94.4;96.8;99.8;93.4;95.3;134.72;95.5
"08 Komunikacije";4.5;100.1;100.1;97.4;97.4;100.1;91.81;98.0;4.5;103.4;103.3;101.2;99.3;101.7;94.85;98.2;4.5;102.6;99.3;100.1;99.5;102.0;94.16;98.3;4.5;101.8;99.2;99.2;99.5;102.0;93.40;98.4;4.5;101.8;100.0;99.5;99.5;102.0;93.41;98.4;4.5;101.1;99.3;97.4;99.1;101.8;92.73;98.1;4.5;105.3;104.2;101.7;99.5;102.3;96.63;98.4;4.5;105.4;100.1;101.7;99.8;102.7;96.73;98.9;4.5;105.0;99.6;101.7;100.0;103.0;96.30;99.3;4.5;105.8;100.8;103.3;100.3;103.2;97.09;99.9
"081 Poštne storitve";0.1;100.0;100.0;104.2;104.2;100.0;119.28;103.0;0.1;100.0;100.0;104.2;104.2;100.0;119.28;103.2;0.1;100.0;100.0;104.2;104.2;100.0;119.28;103.4;0.1;100.0;100.0;104.2;104.2;100.0;119.28;103.5;0.1;100.0;100.0;104.2;104.2;100.0;119.28;103.7;0.1;100.0;100.0;104.2;104.2;100.0;119.28;103.9;0.1;100.0;100.0;104.2;104.2;100.0;119.28;104.2;0.1;101.0;101.0;101.0;103.8;100.1;120.48;104.0;0.1;101.0;100.0;101.0;103.5;100.2;120.48;103.7;0.1;101.0;100.0;101.0;103.2;100.3;120.48;103.4
"082 Telefonske storitve in izdelki";4.5;100.1;100.1;97.3;97.3;100.1;91.54;97.9;4.5;103.4;103.3;101.1;99.2;101.8;94.61;98.1;4.5;102.7;99.3;100.1;99.5;102.1;93.91;98.3;4.5;101.8;99.2;99.2;99.4;102.0;93.14;98.3;4.5;101.8;100.0;99.5;99.4;102.0;93.15;98.3;4.5;101.1;99.3;97.3;99.1;101.8;92.47;98.1;4.5;105.4;104.2;101.7;99.4;102.3;96.40;98.4;4.5;105.5;100.1;101.7;99.7;102.7;96.49;98.8;4.5;105.0;99.6;101.7;100.0;103.0;96.06;99.2;4.5;105.9;100.8;103.3;100.3;103.3;96.86;99.8
"0821 Telefonski in drugi aparati";0.2;99.2;99.2;87.2;87.2;99.2;52.44;88.6;0.2;98.9;99.7;88.8;88.0;99.1;52.29;88.4;0.2;98.3;99.3;91.7;89.2;98.8;51.94;88.6;0.2;97.5;99.3;91.1;89.7;98.5;51.57;88.7;0.2;98.2;100.7;96.3;90.9;98.4;51.92;89.6;0.2;98.2;100.0;97.2;91.9;98.4;51.93;90.4;0.2;95.3;97.0;95.2;92.3;98.0;50.39;91.3;0.2;94.6;99.2;94.7;92.6;97.5;50.00;92.0;0.2;95.3;100.7;89.4;92.3;97.3;50.36;91.6;0.2;95.8;100.5;90.8;92.1;97.1;50.63;91.5
"0822 Telefonske in internetne storitve";4.3;100.1;100.1;97.6;97.6;100.1;93.50;98.2;4.3;103.6;103.5;101.5;99.6;101.9;96.76;98.5;4.3;102.8;99.3;100.4;99.8;102.2;96.04;98.6;4.3;102.0;99.2;99.5;99.8;102.1;95.25;98.6;4.3;102.0;100.0;99.6;99.7;102.1;95.24;98.6;4.3;101.2;99.2;97.3;99.3;102.0;94.52;98.3;4.3;105.8;104.5;101.9;99.7;102.5;98.79;98.6;4.3;105.9;100.1;102.0;100.0;102.9;98.92;99.0;4.3;105.4;99.5;102.2;100.2;103.2;98.43;99.5;4.3;106.3;100.8;103.8;100.6;103.5;99.26;100.1
"09 Rekreacija in kultura";10.1;99.9;99.9;104.1;104.1;99.9;116.04;101.0;10.1;100.4;100.5;104.1;104.1;100.2;116.64;101.3;10.1;100.2;99.8;104.3;104.2;100.2;116.42;101.7;10.1;98.2;97.9;101.3;103.4;99.7;114.03;101.7;10.1;99.1;100.9;102.2;103.2;99.6;115.11;102.0;10.1;100.6;101.6;101.0;102.8;99.7;116.89;102.1;10.1;103.2;102.6;100.0;102.4;100.2;119.88;102.1;10.1;104.3;101.1;100.3;102.1;100.7;121.18;102.2;10.1;100.2;96.0;100.6;101.9;100.7;116.36;102.2;10.1;98.0;97.9;99.2;101.7;100.4;113.87;102.0
"091 Avdio, video, foto in raèunalniška oprema";1.1;99.2;99.2;95.8;95.8;99.2;58.37;95.7;1.1;99.7;100.5;96.5;96.2;99.5;58.66;95.8;1.1;99.0;99.2;95.2;95.9;99.3;58.21;95.7;1.1;98.8;99.8;95.1;95.7;99.2;58.11;95.5;1.1;100.2;101.4;97.8;96.1;99.4;58.95;95.6;1.1;99.8;99.6;98.1;96.4;99.5;58.71;95.8;1.1;100.4;100.6;98.8;96.8;99.6;59.03;96.2;1.1;100.2;99.9;98.6;97.0;99.7;58.95;96.4;1.1;99.9;99.7;98.8;97.2;99.7;58.78;96.7;1.1;100.9;100.9;100.0;97.5;99.8;59.32;97.2
"0911 Avdio, video in hi-fi oprema";0.4;98.0;98.0;91.6;91.6;98.0;41.28;94.1;0.4;99.7;101.7;93.9;92.8;98.8;41.99;94.1;0.4;97.3;97.6;91.4;92.3;98.3;40.99;93.9;0.4;97.1;99.8;90.2;91.8;98.0;40.92;93.4;0.4;100.0;103.0;95.6;92.5;98.4;42.13;93.4;0.4;99.0;99.0;95.3;93.0;98.5;41.71;93.6;0.4;100.1;101.1;96.0;93.4;98.7;42.16;93.7;0.4;101.8;101.8;96.7;93.8;99.1;42.90;93.8;0.4;100.1;98.4;95.7;94.0;99.2;42.19;93.9;0.4;100.9;100.8;97.6;94.4;99.4;42.51;94.2
"0913 Oprema za obdelavo podatkov";0.4;100.8;100.8;99.6;99.6;100.8;76.26;97.7;0.4;101.6;100.8;99.8;99.7;101.2;76.87;97.8;0.4;102.3;100.8;100.2;99.9;101.5;77.46;98.0;0.4;102.5;100.2;100.9;100.1;101.8;77.62;98.2;0.4;102.9;100.4;101.5;100.4;102.0;77.92;98.4;0.4;102.8;99.8;102.4;100.7;102.1;77.78;98.8;0.4;102.7;100.0;102.5;101.0;102.2;77.77;99.3;0.4;102.5;99.7;103.2;101.3;102.3;77.56;99.9;0.4;102.3;99.8;103.6;101.5;102.3;77.42;100.6;0.4;102.0;99.8;102.3;101.6;102.2;77.24;101.0
"0914 Snemalni mediji za sliko in zvok";0.1;100.7;100.7;94.6;94.6;100.7;52.98;94.5;0.1;100.5;99.8;94.6;94.6;100.6;52.87;94.6;0.1;100.4;99.9;93.7;94.3;100.5;52.80;94.3;0.1;98.1;97.7;93.6;94.1;99.9;51.59;94.1;0.1;98.2;100.2;94.1;94.1;99.6;51.66;93.9;0.1;97.6;99.3;94.8;94.2;99.2;51.32;93.9;0.1;98.8;101.3;95.5;94.4;99.2;51.99;93.9;0.1;98.4;99.5;94.6;94.4;99.1;51.75;93.9;0.1;97.7;99.3;94.7;94.4;98.9;51.41;93.9;0.1;96.7;98.9;94.2;94.4;98.7;50.87;94.0
"0915 Popravilo opreme in izdelkov";0.1;99.6;99.6;99.5;99.5;99.6;119.87;100.7;0.1;99.6;100.0;99.5;99.5;99.6;119.87;100.5;0.1;99.6;100.0;99.5;99.5;99.6;119.87;100.3;0.1;99.6;100.0;99.5;99.5;99.6;119.87;100.1;0.1;99.6;100.0;99.5;99.5;99.6;119.87;99.9;0.1;99.6;100.0;99.5;99.5;99.6;119.87;99.8;0.1;99.6;100.0;99.5;99.5;99.6;119.87;99.7;0.1;99.6;100.0;99.5;99.5;99.6;119.87;99.7;0.1;99.6;100.0;99.5;99.5;99.6;119.87;99.6;0.1;99.6;100.0;99.6;99.5;99.6;119.87;99.6
"093 Manjši izdelki za zabavo, šport in razvedrilo";2.5;97.0;97.0;103.4;103.4;97.0;115.11;99.1;2.5;98.6;101.7;102.1;102.7;97.8;117.01;99.2;2.5;100.6;102.0;104.1;103.2;98.7;119.37;99.6;2.5;100.0;99.5;104.5;103.5;99.0;118.75;100.2;2.5;100.9;100.9;106.5;104.1;99.4;119.81;101.1;2.5;100.7;99.8;105.4;104.3;99.6;119.55;101.8;2.5;98.9;98.2;104.8;104.4;99.5;117.42;102.4;2.5;99.2;100.2;104.5;104.4;99.5;117.70;103.0;2.5;99.6;100.5;104.3;104.4;99.5;118.25;103.6;2.5;99.4;99.7;103.0;104.3;99.5;117.94;104.1
"0931 Igre in igraèe";0.4;99.7;99.7;99.6;99.6;99.7;107.05;98.3;0.4;99.9;100.2;99.1;99.3;99.8;107.28;98.4;0.4;100.6;100.7;100.8;99.8;100.1;108.05;98.8;0.4;99.2;98.6;100.7;100.0;99.9;106.50;99.2;0.4;101.4;102.2;101.8;100.4;100.2;108.88;99.7;0.4;100.7;99.3;100.5;100.4;100.3;108.17;99.9;0.4;99.6;98.8;99.0;100.2;100.2;106.89;99.9;0.4;99.7;100.1;98.1;99.9;100.1;107.00;99.7;0.4;99.3;99.7;97.6;99.7;100.0;106.64;99.5;0.4;97.3;98.0;95.5;99.3;99.7;104.50;99.2
"0932 Športna oprema";0.5;85.2;85.2;109.5;109.5;85.2;95.77;91.5;0.5;85.3;100.1;108.3;108.9;85.3;95.89;92.1;0.5;100.5;117.8;121.6;113.3;90.3;112.93;94.4;0.5;103.0;102.5;126.4;116.6;93.5;115.75;97.8;0.5;104.6;101.5;134.7;120.1;95.7;117.54;102.2;0.5;101.5;97.1;125.8;121.1;96.7;114.11;105.8;0.5;94.3;92.9;122.6;121.3;96.3;105.98;109.1;0.5;95.5;101.3;122.2;121.4;96.2;107.35;112.8;0.5;98.0;102.6;123.9;121.7;96.4;110.10;116.7;0.5;98.6;100.7;119.5;121.5;96.6;110.86;120.2
"0933 Cvetje in izdelki za vrtnarstvo";0.9;99.9;99.9;103.5;103.5;99.9;125.19;102.1;0.9;103.9;104.1;102.2;102.8;101.9;130.26;102.0;0.9;101.4;97.6;101.5;102.4;101.7;127.14;102.0;0.9;99.3;97.9;100.2;101.8;101.1;124.48;101.8;0.9;100.1;100.8;101.8;101.8;100.9;125.43;101.9;0.9;100.7;100.7;103.0;102.0;100.9;126.27;102.1;0.9;100.2;99.5;102.6;102.1;100.8;125.59;102.2;0.9;99.9;99.7;102.2;102.1;100.7;125.19;102.1;0.9;99.2;99.3;100.3;101.9;100.5;124.33;101.9;0.9;99.7;100.5;100.2;101.7;100.4;124.99;101.8
"0934 Domaèe hišne živali in izdelki";0.7;100.0;100.0;101.1;101.1;100.0;119.49;100.7;0.7;100.2;100.1;99.2;100.1;100.1;119.65;100.4;0.7;99.3;99.2;98.4;99.6;99.8;118.69;100.1;0.7;99.4;100.0;98.7;99.4;99.7;118.73;99.7;0.7;99.1;99.7;98.6;99.2;99.6;118.41;99.5;0.7;100.0;100.9;98.6;99.1;99.7;119.52;99.3;0.7;100.2;100.2;100.0;99.2;99.8;119.72;99.4;0.7;100.6;100.4;100.4;99.4;99.9;120.14;99.5;0.7;101.7;101.1;101.6;99.6;100.1;121.45;99.6;0.7;100.7;99.0;100.5;99.7;100.1;120.29;99.5
"094 Storitve za rekreacijo, kulturo in šport";1.8;100.5;100.5;102.5;102.5;100.5;125.89;101.5;1.8;100.8;100.4;102.1;102.3;100.7;126.34;101.5;1.8;100.5;99.6;102.7;102.5;100.6;125.88;101.6;1.8;99.7;99.2;99.9;101.8;100.4;124.92;101.3;1.8;99.5;99.8;99.9;101.4;100.2;124.72;101.0;1.8;99.5;100.0;99.7;101.1;100.1;124.67;100.8;1.8;99.4;99.9;101.4;101.2;100.0;124.60;100.9;1.8;99.4;100.0;102.9;101.4;99.9;124.59;101.3;1.8;99.9;100.5;100.2;101.2;99.9;125.17;101.3;1.8;99.7;99.8;99.5;101.1;99.9;124.88;101.1
"0941 Storitve za rekreacijo in šport";0.8;101.0;101.0;102.3;102.3;101.0;139.93;99.1;0.8;101.8;100.7;98.9;100.6;101.4;140.97;98.9;0.8;100.9;99.1;99.9;100.4;101.2;139.69;98.8;0.8;99.1;98.3;99.3;100.1;100.7;137.26;98.8;0.8;98.8;99.7;99.6;100.0;100.3;136.86;98.9;0.8;98.7;99.9;99.7;100.0;100.1;136.68;98.9;0.8;98.6;99.9;103.8;100.5;99.8;136.50;99.5;0.8;98.6;100.0;103.8;100.9;99.7;136.50;100.3;0.8;99.0;100.5;100.6;100.9;99.6;137.12;100.5;0.8;98.3;99.3;98.6;100.6;99.5;136.19;100.4
"0942 Kulturne storitve";1.0;100.0;100.0;102.7;102.7;100.0;119.58;103.2;1.0;100.1;100.0;104.9;103.8;100.0;119.63;103.5;1.0;100.1;100.1;105.0;104.2;100.1;119.73;103.8;1.0;100.2;100.0;100.3;103.2;100.1;119.75;103.3;1.0;100.1;100.0;100.2;102.6;100.1;119.69;102.8;1.0;100.1;100.0;99.6;102.1;100.1;119.73;102.5;1.0;100.1;100.0;99.6;101.7;100.1;119.73;102.1;1.0;100.1;100.0;102.2;101.8;100.1;119.71;102.2;1.0;100.6;100.5;99.8;101.5;100.2;120.27;101.9;1.0;100.7;100.1;100.3;101.4;100.2;120.42;101.7
"095 Èasopisi, knjige in pisalne potrebšèine";1.4;99.8;99.8;101.9;101.9;99.8;138.12;102.1;1.4;100.4;100.5;102.2;102.0;100.1;138.83;102.0;1.4;100.6;100.2;102.5;102.2;100.3;139.14;102.0;1.4;100.3;99.8;102.2;102.2;100.3;138.81;102.1;1.4;100.5;100.1;101.7;102.1;100.3;138.97;102.0;1.4;100.6;100.2;101.8;102.0;100.4;139.20;102.0;1.4;100.8;100.2;101.9;102.0;100.4;139.41;102.0;1.4;100.5;99.8;101.6;102.0;100.4;139.08;102.0;1.4;100.8;100.3;101.1;101.9;100.5;139.44;102.0;1.4;98.3;97.5;98.8;101.6;100.3;135.95;101.7
"0951 Knjige in uèbeniki";0.4;100.1;100.1;104.5;104.5;100.1;101.90;100.3;0.4;100.3;100.2;106.0;105.2;100.2;102.15;101.1;0.4;100.7;100.3;106.3;105.6;100.4;102.50;101.9;0.4;99.4;98.7;104.7;105.3;100.1;101.19;102.6;0.4;99.5;100.1;103.4;105.0;100.0;101.25;103.3;0.4;100.1;100.6;104.0;104.8;100.0;101.90;103.9;0.4;100.2;100.1;104.1;104.7;100.0;101.97;104.2;0.4;100.3;100.1;103.5;104.5;100.1;102.06;104.4;0.4;100.6;100.4;101.1;104.1;100.1;102.43;104.1;0.4;98.8;98.2;100.5;103.8;100.0;100.55;103.9
"0952 Èasopisi";0.8;100.0;100.0;101.2;101.2;100.0;149.67;102.8;0.8;100.8;100.8;101.3;101.2;100.4;150.85;102.5;0.8;100.8;100.0;101.3;101.2;100.5;150.85;102.2;0.8;100.8;100.0;101.3;101.2;100.6;150.85;101.9;0.8;100.8;100.0;101.3;101.2;100.6;150.85;101.7;0.8;100.8;100.0;101.3;101.3;100.7;150.85;101.5;0.8;101.0;100.2;101.4;101.3;100.7;151.12;101.5;0.8;101.0;100.0;101.4;101.3;100.7;151.12;101.4;0.8;101.5;100.5;101.5;101.3;100.8;151.88;101.4;0.8;97.1;95.7;97.1;100.9;100.4;145.40;101.0
"0953 Razne tiskovine, pisalne potrebšèine";0.3;99.0;99.0;100.7;100.7;99.0;142.36;101.3;0.3;99.0;100.0;100.3;100.5;99.0;142.40;101.1;0.3;99.8;100.8;101.3;100.8;99.3;143.50;101.1;0.3;100.2;100.4;101.8;101.0;99.5;144.10;101.3;0.3;100.8;100.6;101.1;101.0;99.8;144.93;101.2;0.3;100.8;100.0;100.5;101.0;99.9;144.97;101.1;0.3;101.0;100.2;100.7;100.9;100.1;145.23;101.0;0.3;99.6;98.6;99.8;100.8;100.0;143.20;100.9;0.3;98.9;99.4;99.9;100.7;99.9;142.27;100.9;0.3;101.1;102.2;101.8;100.8;100.0;145.42;100.9
"096 Poèitnice v paketu";3.2;102.1;102.1;109.8;109.8;102.1;126.48;103.4;3.2;101.9;99.8;111.0;110.4;102.0;126.24;104.3;3.2;100.1;98.3;110.0;110.3;101.4;124.07;105.2;3.2;94.6;94.5;101.6;108.1;99.7;117.29;105.2;3.2;96.4;101.8;102.0;106.8;99.0;119.44;105.3;3.2;101.5;105.3;99.2;105.5;99.4;125.73;105.2;3.2;110.7;109.1;96.0;103.9;101.0;137.15;104.6;3.2;114.2;103.2;96.6;102.8;102.7;141.51;104.2;3.2;100.5;88.0;98.6;102.3;102.4;124.59;103.8;3.2;94.9;94.4;96.1;101.7;101.7;117.62;102.8
"10 Izobraževanje";1.3;99.8;99.8;100.6;100.6;99.8;125.18;100.2;1.3;99.9;100.1;100.7;100.6;99.9;125.30;100.2;1.3;100.0;100.1;100.8;100.7;99.9;125.41;100.3;1.3;100.0;100.0;100.8;100.7;100.0;125.41;100.4;1.3;100.0;100.0;100.8;100.7;100.0;125.41;100.5;1.3;100.0;100.0;100.9;100.7;100.0;125.41;100.6;1.3;100.0;100.0;100.8;100.8;100.0;125.41;100.7;1.3;100.0;100.0;100.8;100.8;100.0;125.41;100.8;1.3;100.1;100.1;100.6;100.7;100.0;125.48;100.7;1.3;100.0;99.9;100.1;100.7;100.0;125.39;100.7
"101 Predšolsko izobraževanje";0.6;100.0;100.0;100.0;100.0;100.0;136.80;99.9;0.6;100.1;100.1;100.0;100.0;100.0;136.89;99.9;0.6;100.1;100.0;100.0;100.0;100.0;136.89;99.9;0.6;100.1;100.0;100.0;100.0;100.1;136.89;99.9;0.6;100.1;100.0;100.0;100.0;100.1;136.89;99.9;0.6;100.1;100.0;100.0;100.0;100.1;136.89;100.0;0.6;100.1;100.0;100.0;100.0;100.1;136.89;100.0;0.6;100.1;100.0;100.0;100.0;100.1;136.89;100.0;0.6;100.1;100.0;100.1;100.0;100.1;136.94;100.0;0.6;100.1;100.0;100.1;100.0;100.1;136.94;100.0
"103 Visokošolsko izobraževanje";0.5;100.0;100.0;100.8;100.8;100.0;122.26;101.1;0.5;100.0;100.0;100.8;100.8;100.0;122.26;101.0;0.5;100.0;100.0;100.8;100.8;100.0;122.26;101.0;0.5;100.0;100.0;100.8;100.8;100.0;122.26;101.0;0.5;100.0;100.0;100.8;100.8;100.0;122.26;100.9;0.5;100.0;100.0;100.8;100.8;100.0;122.26;100.9;0.5;100.0;100.0;100.8;100.8;100.0;122.26;100.9;0.5;100.0;100.0;100.8;100.8;100.0;122.26;100.9;0.5;100.0;100.0;100.8;100.8;100.0;122.26;100.8;0.5;99.8;99.8;99.8;100.7;100.0;121.97;100.7
"104 Izobraževalni teèaji";0.2;99.0;99.0;102.3;102.3;99.0;109.03;99.2;0.2;99.4;100.4;102.3;102.3;99.2;109.48;99.6;0.2;100.0;100.6;102.9;102.5;99.4;110.17;100.1;0.2;100.0;100.0;102.9;102.6;99.6;110.17;100.6;0.2;100.0;100.0;102.9;102.7;99.7;110.17;101.1;0.2;100.0;100.0;103.9;102.9;99.7;110.17;101.8;0.2;100.0;100.0;103.5;103.0;99.8;110.17;102.4;0.2;100.0;100.0;103.5;103.0;99.8;110.17;103.0;0.2;100.2;100.2;101.5;102.9;99.8;110.41;102.9;0.2;100.3;100.1;100.7;102.6;99.9;110.55;102.8
"11 Gostinske in nastanitvene storitve";5.5;100.2;100.2;101.2;101.2;100.2;131.09;101.1;5.5;100.2;99.9;101.0;101.1;100.2;131.00;101.1;5.5;100.3;100.2;100.8;101.0;100.2;131.20;101.1;5.5;100.8;100.5;100.8;100.9;100.4;131.81;101.0;5.5;100.7;100.0;99.7;100.7;100.4;131.77;100.9;5.5;100.9;100.2;100.1;100.6;100.5;132.03;100.7;5.5;100.9;100.0;100.0;100.5;100.6;132.00;100.6;5.5;101.0;100.1;99.6;100.4;100.6;132.14;100.5;5.5;100.9;99.8;100.0;100.4;100.7;131.92;100.4;5.5;100.7;99.9;100.2;100.3;100.7;131.77;100.4
"111 Gostinske storitve";4.2;100.3;100.3;101.2;101.2;100.3;133.69;101.3;4.2;100.3;100.0;101.1;101.2;100.3;133.68;101.3;4.2;100.5;100.1;101.0;101.1;100.4;133.88;101.3;4.2;100.5;100.0;101.0;101.1;100.4;133.92;101.2;4.2;100.4;99.8;100.1;100.9;100.4;133.70;101.1;4.2;100.3;100.0;100.1;100.7;100.4;133.68;100.9;4.2;100.3;100.0;100.0;100.6;100.4;133.64;100.8;4.2;100.3;100.0;99.9;100.5;100.4;133.66;100.7;4.2;100.3;100.0;100.0;100.5;100.4;133.68;100.6;4.2;100.4;100.0;100.3;100.5;100.4;133.71;100.5
"1111 Gostinski lokali";3.0;100.0;100.0;101.6;101.6;100.0;149.24;101.8;3.0;100.1;100.0;101.4;101.5;100.1;149.29;101.8;3.0;100.3;100.2;101.3;101.4;100.1;149.59;101.7;3.0;100.3;100.0;101.3;101.4;100.2;149.66;101.7;3.0;100.3;100.0;100.2;101.2;100.2;149.64;101.5;3.0;100.3;100.0;100.2;101.0;100.2;149.62;101.3;3.0;100.3;100.0;100.1;100.9;100.2;149.61;101.1;3.0;100.3;100.0;100.1;100.8;100.2;149.64;101.0;3.0;100.3;100.0;100.2;100.7;100.2;149.68;100.9;3.0;100.4;100.1;100.7;100.7;100.3;149.80;100.8
"1112 Storitve v menzah";1.1;101.2;101.2;100.4;100.4;101.2;67.55;99.9;1.1;101.1;99.9;100.3;100.3;101.1;67.47;100.0;1.1;101.1;100.0;100.3;100.3;101.1;67.47;100.0;1.1;101.1;100.0;100.3;100.3;101.1;67.47;100.0;1.1;100.5;99.4;99.7;100.2;101.0;67.08;99.9;1.1;100.5;100.0;99.7;100.1;100.9;67.08;99.9;1.1;100.4;99.9;99.6;100.0;100.8;67.00;99.9;1.1;100.4;100.0;99.4;99.9;100.7;67.00;99.8;1.1;100.3;100.0;99.4;99.9;100.7;66.99;99.8;1.1;100.2;99.9;99.3;99.8;100.7;66.92;99.7
"112 Nastanitvene storitve";1.3;99.9;99.9;101.1;101.1;99.9;122.29;100.7;1.3;99.6;99.7;100.9;101.0;99.7;121.97;100.7;1.3;99.8;100.2;100.1;100.7;99.7;122.18;100.6;1.3;101.6;101.8;100.0;100.5;100.2;124.42;100.5;1.3;102.0;100.4;98.7;100.1;100.6;124.92;100.3;1.3;102.9;100.9;100.3;100.2;100.9;125.99;100.2;1.3;102.9;100.0;100.3;100.2;101.2;126.00;100.2;1.3;103.3;100.4;98.6;100.0;101.5;126.49;100.0;1.3;102.5;99.3;100.1;100.0;101.6;125.56;100.1;1.3;102.0;99.5;100.0;100.0;101.6;124.89;100.1
"1121 Prenoèevanje v hotelih";0.7;99.7;99.7;102.0;102.0;99.7;120.42;100.7;0.7;99.3;99.5;101.5;101.7;99.5;119.86;100.8;0.7;99.6;100.3;100.0;101.2;99.5;120.22;100.7;0.7;102.8;103.2;100.2;100.9;100.3;124.12;100.6;0.7;103.5;100.7;97.9;100.3;101.0;124.99;100.2;0.7;105.1;101.5;100.6;100.3;101.7;126.87;100.2;0.7;105.1;100.0;100.6;100.4;102.2;126.89;100.2;0.7;105.8;100.7;97.7;100.0;102.6;127.75;99.9;0.7;104.5;98.7;100.3;100.1;102.8;126.12;100.1;0.7;103.4;99.0;99.9;100.0;102.9;124.84;100.2
"1122 Prenoèevanje v domovih";0.6;100.0;100.0;100.1;100.1;100.0;122.71;100.7;0.6;100.0;100.0;100.1;100.1;100.0;122.71;100.6;0.6;100.0;100.0;100.1;100.1;100.0;122.71;100.5;0.6;100.0;100.0;99.8;100.0;100.0;122.71;100.4;0.6;100.0;100.0;99.8;100.0;100.0;122.71;100.3;0.6;100.0;100.0;99.8;100.0;100.0;122.71;100.2;0.6;100.0;100.0;99.8;99.9;100.0;122.71;100.1;0.6;100.0;100.0;99.8;99.9;100.0;122.71;100.1;0.6;100.0;100.0;99.8;99.9;100.0;122.71;100.0;0.6;100.1;100.1;100.1;99.9;100.0;122.85;100.0
"12 Raznovrstno blago in storitve";7.6;100.3;100.3;100.9;100.9;100.3;128.17;101.5;7.6;100.4;100.0;101.0;100.9;100.4;128.21;101.5;7.6;100.7;100.3;100.6;100.8;100.5;128.58;101.4;7.6;100.7;100.0;100.8;100.8;100.5;128.57;101.3;7.6;100.9;100.2;100.7;100.8;100.6;128.81;101.2;7.6;101.0;100.2;101.1;100.8;100.7;129.02;101.1;7.6;100.7;99.7;101.3;100.9;100.7;128.65;101.1;7.6;100.7;99.9;101.2;100.9;100.7;128.58;101.1;7.6;101.0;100.3;101.0;100.9;100.7;128.95;101.0;7.6;101.2;100.2;101.2;101.0;100.8;129.27;101.0
"121 Izdelki in storitve za osebno nego";2.2;99.6;99.6;100.0;100.0;99.6;118.16;100.7;2.2;99.7;100.1;100.0;100.0;99.7;118.24;100.6;2.2;99.8;100.1;100.4;100.1;99.7;118.39;100.6;2.2;99.4;99.6;100.8;100.3;99.7;117.91;100.6;2.2;100.0;100.6;100.7;100.4;99.7;118.57;100.6;2.2;99.8;99.8;100.6;100.4;99.7;118.34;100.6;2.2;99.2;99.4;100.1;100.4;99.7;117.60;100.5;2.2;99.4;100.3;100.4;100.4;99.6;117.90;100.5;2.2;100.3;100.8;100.6;100.4;99.7;118.88;100.5;2.2;100.1;99.8;100.4;100.4;99.7;118.66;100.5
"1211 Storitve za osebno nego";0.4;99.7;99.7;99.2;99.2;99.7;135.81;100.3;0.4;99.8;100.1;99.3;99.3;99.7;135.97;100.2;0.4;99.8;100.0;99.1;99.2;99.7;135.97;100.0;0.4;99.9;100.1;99.2;99.2;99.8;136.15;99.9;0.4;100.0;100.1;99.3;99.2;99.8;136.26;99.8;0.4;100.0;100.0;99.7;99.3;99.9;136.27;99.8;0.4;100.0;100.0;99.2;99.3;99.9;136.27;99.7;0.4;100.0;100.0;99.2;99.3;99.9;136.27;99.6;0.4;99.8;99.8;99.2;99.3;99.9;135.96;99.5;0.4;99.9;100.2;99.4;99.3;99.9;136.18;99.4
"1212 Izdelki za osebno nego";1.8;99.6;99.6;100.1;100.1;99.6;111.95;100.8;1.8;99.7;100.1;100.2;100.2;99.7;112.01;100.8;1.8;99.9;100.2;100.7;100.3;99.7;112.20;100.7;1.8;99.3;99.5;101.2;100.6;99.6;111.59;100.8;1.8;100.0;100.7;101.1;100.7;99.7;112.35;100.8;1.8;99.8;99.8;100.8;100.7;99.7;112.08;100.8;1.8;99.0;99.2;100.3;100.6;99.6;111.20;100.8;1.8;99.3;100.3;100.7;100.6;99.6;111.56;100.8;1.8;100.4;101.1;101.0;100.7;99.7;112.78;100.8;1.8;100.1;99.7;100.6;100.7;99.7;112.47;100.7
"123 Osebni predmeti";0.5;97.9;97.9;97.3;97.3;97.9;118.10;99.4;0.5;97.8;99.8;97.2;97.3;97.8;117.92;99.1;0.5;100.4;102.7;95.0;96.5;98.7;121.05;98.6;0.5;101.6;101.3;97.3;96.7;99.4;122.60;98.4;0.5;101.7;100.1;95.4;96.4;99.9;122.69;97.9;0.5;104.2;102.4;98.6;96.8;100.6;125.64;97.7;0.5;102.5;98.4;103.4;97.7;100.9;123.61;98.0;0.5;101.2;98.7;100.9;98.1;100.9;122.00;97.8;0.5;102.4;101.3;100.5;98.4;101.1;123.55;98.0;0.5;105.8;103.3;102.8;98.8;101.5;127.57;98.4
"1231 Nakit in ure";0.1;100.4;100.4;100.6;100.6;100.4;207.98;99.6;0.1;100.5;100.1;98.2;99.4;100.4;208.23;99.3;0.1;100.5;100.0;100.2;99.6;100.4;208.18;99.4;0.1;99.9;99.5;99.1;99.5;100.3;207.10;99.4;0.1;100.3;100.4;99.1;99.4;100.3;207.95;99.2;0.1;100.2;99.9;98.9;99.3;100.3;207.72;99.1;0.1;100.9;100.7;99.5;99.3;100.4;209.12;99.0;0.1;100.8;99.9;100.3;99.5;100.4;208.90;99.1;0.1;101.0;100.2;100.4;99.6;100.5;209.26;99.3;0.1;101.8;100.8;100.9;99.7;100.6;210.90;99.5
"1232 Drugi osebni predmeti";0.4;97.6;97.6;96.9;96.9;97.6;98.57;99.4;0.4;97.5;99.8;97.1;97.0;97.5;98.39;99.1;0.4;100.3;103.0;94.5;96.1;98.5;101.30;98.5;0.4;101.8;101.5;97.1;96.4;99.3;102.81;98.3;0.4;101.9;100.0;95.0;96.1;99.8;102.85;97.8;0.4;104.6;102.7;98.6;96.5;100.6;105.61;97.6;0.4;102.7;98.1;103.9;97.5;100.9;103.64;97.9;0.4;101.2;98.6;101.0;98.0;101.0;102.16;97.7;0.4;102.6;101.4;100.5;98.2;101.1;103.58;97.8;0.4;106.2;103.5;103.0;98.7;101.6;107.24;98.2
"124 Socialno varstvo";0.5;100.0;100.0;100.0;100.0;100.0;131.67;100.0;0.5;100.0;100.0;100.0;100.0;100.0;131.61;100.0;0.5;100.0;100.0;100.0;100.0;100.0;131.67;100.0;0.5;100.0;100.0;100.0;100.0;100.0;131.67;100.0;0.5;100.0;100.0;100.0;100.0;100.0;131.67;100.0;0.5;100.0;100.0;100.0;100.0;100.0;131.67;100.0;0.5;100.0;100.0;100.0;100.0;100.0;131.67;100.0;0.5;100.0;100.0;100.0;100.0;100.0;131.63;100.0;0.5;99.9;100.0;99.9;100.0;100.0;131.60;100.0;0.5;99.9;100.0;99.9;100.0;100.0;131.60;100.0
"125 Zavarovanje";3.3;101.2;101.2;102.2;102.2;101.2;139.23;102.1;3.3;101.2;100.0;102.2;102.2;101.2;139.23;102.2;3.3;101.2;100.0;101.4;102.0;101.2;139.26;102.1;3.3;101.2;100.0;101.2;101.8;101.2;139.23;102.0;3.3;101.2;100.0;101.2;101.6;101.2;139.23;101.9;3.3;101.4;100.2;101.9;101.7;101.3;139.51;101.8;3.3;101.4;100.0;101.9;101.7;101.3;139.51;101.8;3.3;101.4;100.0;101.9;101.8;101.3;139.51;101.8;3.3;101.5;100.1;101.7;101.7;101.3;139.62;101.8;3.3;101.7;100.2;101.9;101.8;101.4;139.94;101.8
"1252 Stanovanjsko zavarovanje";0.4;101.9;101.9;101.9;101.9;101.9;130.99;100.5;0.4;101.9;100.0;101.9;101.9;101.9;130.99;100.5;0.4;101.9;100.0;101.9;101.9;101.9;130.99;100.5;0.4;101.9;100.0;101.9;101.9;101.9;130.99;100.6;0.4;101.9;100.0;101.9;101.9;101.9;130.99;100.8;0.4;101.9;100.0;101.9;101.9;101.9;130.99;100.9;0.4;101.9;100.0;101.9;101.9;101.9;130.99;101.1;0.4;101.9;100.0;101.9;101.9;101.9;130.99;101.3;0.4;101.9;100.0;101.9;101.9;101.9;130.99;101.4;0.4;101.9;100.0;101.9;101.9;101.9;130.99;101.6
"1253 Zdravstveno zavarovanje";1.3;100.2;100.2;97.9;97.9;100.2;158.18;99.9;1.3;100.2;100.0;97.9;97.9;100.2;158.18;99.5;1.3;100.2;100.0;99.6;98.4;100.2;158.18;99.5;1.3;100.2;100.0;99.2;98.6;100.2;158.18;99.3;1.3;100.2;100.0;99.2;98.7;100.2;158.18;99.2;1.3;100.2;100.0;100.4;99.0;100.2;158.18;99.2;1.3;100.2;100.0;100.4;99.2;100.2;158.18;99.3;1.3;100.2;100.0;100.4;99.4;100.2;158.18;99.4;1.3;100.4;100.2;100.4;99.5;100.2;158.50;99.4;1.3;100.4;100.0;100.4;99.6;100.3;158.50;99.4
"1254 Zavarovanje prometnih sredstev";1.5;101.9;101.9;106.7;106.7;101.9;120.97;104.1;1.5;101.9;100.0;106.7;106.7;101.9;120.97;104.8;1.5;101.9;100.1;103.0;105.4;101.9;121.03;104.8;1.5;101.9;99.9;102.9;104.8;101.9;120.97;104.6;1.5;101.9;100.0;102.9;104.4;101.9;120.97;104.5;1.5;102.3;100.4;103.3;104.2;102.0;121.49;104.3;1.5;102.3;100.0;103.3;104.1;102.0;121.49;104.2;1.5;102.3;100.0;103.3;104.0;102.1;121.49;104.2;1.5;102.3;100.0;102.7;103.8;102.1;121.49;104.0;1.5;102.8;100.5;103.2;103.8;102.2;122.08;103.9
"126 Finanène storitve";0.4;100.9;100.9;102.5;102.5;100.9;141.34;103.1;0.4;101.3;100.4;103.2;102.8;101.1;141.93;102.8;0.4;102.6;101.3;104.0;103.2;101.6;143.74;102.7;0.4;103.4;100.7;104.3;103.5;102.1;144.79;102.7;0.4;103.7;100.3;104.3;103.6;102.4;145.20;103.0;0.4;103.2;99.6;103.1;103.6;102.5;144.56;103.0;0.4;103.3;100.0;103.1;103.5;102.6;144.62;103.1;0.4;102.9;99.6;102.6;103.4;102.7;144.06;103.1;0.4;101.7;98.9;100.9;103.1;102.5;142.43;102.9;0.4;101.5;99.8;101.6;103.0;102.4;142.21;102.9
"127 Druge storitve";0.7;100.2;100.2;100.0;100.0;100.2;116.30;100.4;0.7;100.2;100.0;100.0;100.0;100.2;116.31;100.3;0.7;100.2;100.0;100.2;100.0;100.2;116.30;100.2;0.7;100.2;100.0;100.2;100.1;100.2;116.30;100.2;0.7;100.2;100.0;100.2;100.1;100.2;116.30;100.1;0.7;100.2;100.0;100.2;100.1;100.2;116.30;100.0;0.7;100.2;100.0;100.2;100.1;100.2;116.30;100.0;0.7;100.0;99.8;100.0;100.1;100.1;116.11;100.0;0.7;100.0;100.0;100.0;100.1;100.1;116.11;100.0;0.7;100.0;100.0;100.0;100.1;100.1;116.11;100.0
"Skupaj brez sezonskih proizvodov";91.5;99.1;99.1;99.5;99.5;99.1;121.51;100.4;91.5;99.1;100.1;99.5;99.5;99.1;121.61;100.3;91.5;99.7;100.6;99.6;99.6;99.3;122.32;100.2;91.5;99.4;99.7;99.1;99.5;99.3;121.94;100.1;91.5;99.8;100.4;99.1;99.4;99.4;122.44;99.9;91.5;100.0;100.2;99.0;99.3;99.5;122.71;99.7;91.5;100.0;100.0;99.2;99.3;99.6;122.71;99.6;91.5;100.3;100.2;99.3;99.3;99.7;122.99;99.5;91.5;99.7;99.4;99.1;99.3;99.7;122.30;99.5;91.5;99.5;99.8;99.0;99.3;99.7;122.09;99.4
"Skupaj brez alkoholnih pijaè in tobaka";94.2;98.6;98.6;99.2;99.2;98.6;118.49;99.9;94.2;98.9;100.2;99.3;99.3;98.7;118.77;99.8;94.2;99.8;101.0;99.4;99.3;99.1;119.91;99.7;94.2;99.9;100.1;99.0;99.3;99.3;120.02;99.6;94.2;100.7;100.8;99.3;99.3;99.6;120.99;99.5;94.2;100.6;99.9;99.2;99.3;99.7;120.90;99.4;94.2;99.7;99.1;99.5;99.3;99.7;119.84;99.4;94.2;99.9;100.1;99.6;99.3;99.8;119.99;99.4;94.2;99.8;99.9;99.3;99.3;99.8;119.89;99.4;94.2;99.8;100.0;99.1;99.3;99.8;119.93;99.4
"Skupaj brez goriv in energije";86.7;99.2;99.2;100.6;100.6;99.2;117.27;100.4;86.7;99.5;100.3;100.7;100.6;99.3;117.60;100.4;86.7;100.2;100.8;100.6;100.6;99.6;118.54;100.4;86.7;100.4;100.1;100.2;100.5;99.8;118.71;100.4;86.7;101.0;100.6;100.2;100.4;100.0;119.43;100.3;86.7;100.9;99.9;100.1;100.4;100.2;119.32;100.2;86.7;100.1;99.2;100.6;100.4;100.2;118.35;100.3;86.7;100.3;100.3;100.6;100.4;100.2;118.66;100.4;86.7;100.6;100.3;100.5;100.4;100.2;118.96;100.4;86.7;100.7;100.1;100.3;100.4;100.3;119.05;100.4
"Skupaj brez hrane, pijaèe in tobaka";77.2;98.0;98.0;99.3;99.3;98.0;114.48;100.0;77.2;98.3;100.3;99.3;99.3;98.2;114.79;99.9;77.2;99.4;101.1;99.2;99.2;98.6;116.04;99.8;77.2;99.4;100.0;98.6;99.1;98.8;116.03;99.7;77.2;100.0;100.6;98.9;99.0;99.0;116.76;99.5;77.2;100.1;100.1;98.8;99.0;99.2;116.90;99.4;77.2;99.2;99.1;99.0;99.0;99.2;115.80;99.3;77.2;99.4;100.2;99.1;99.0;99.2;116.06;99.2;77.2;99.2;99.8;98.8;99.0;99.2;115.88;99.2;77.2;99.4;100.2;98.6;99.0;99.2;116.11;99.1
"Skupaj brez hrane in energije";69.7;98.6;98.6;101.1;101.1;98.6;112.59;100.7;69.7;99.0;100.3;100.9;101.0;98.8;112.95;100.7;69.7;99.9;100.9;100.5;100.8;99.2;113.97;100.7;69.7;99.9;100.1;100.1;100.6;99.3;114.03;100.6;69.7;100.3;100.3;99.9;100.5;99.5;114.43;100.5;69.7;100.4;100.1;99.8;100.4;99.7;114.56;100.4;69.7;99.5;99.1;100.3;100.4;99.6;113.57;100.4;69.7;99.9;100.4;100.3;100.4;99.7;114.03;100.4;69.7;100.2;100.3;100.3;100.4;99.7;114.33;100.4;69.7;100.4;100.3;100.1;100.3;99.8;114.63;100.4
"Storitve brez najemnin in stroškov vzdrževanja";29.9;100.4;100.4;101.7;101.7;100.4;124.50;101.7;29.9;101.0;100.6;102.2;101.9;100.7;125.22;101.7;29.9;100.6;99.7;101.7;101.8;100.7;124.82;101.7;29.9;100.0;99.3;100.5;101.5;100.5;123.99;101.5;29.9;100.1;100.2;100.3;101.3;100.4;124.17;101.4;29.9;100.7;100.5;99.8;101.0;100.5;124.85;101.2;29.9;102.5;101.8;100.3;100.9;100.7;127.08;101.1;29.9;103.1;100.6;100.5;100.9;101.0;127.86;101.0;29.9;101.3;98.2;100.5;100.8;101.1;125.61;101.0;29.9;100.7;99.4;100.5;100.8;101.0;124.91;100.9
"Najemnine in stroški vzdrževanja";1.5;100.2;100.2;102.0;102.0;100.2;117.47;100.3;1.5;100.3;100.1;101.8;101.9;100.3;117.58;100.6;1.5;100.4;100.1;101.8;101.8;100.3;117.70;100.8;1.5;100.3;99.9;101.4;101.7;100.3;117.58;100.9;1.5;100.1;99.8;100.7;101.5;100.3;117.35;100.9;1.5;100.2;100.1;100.8;101.4;100.3;117.45;100.9;1.5;100.4;100.2;100.7;101.3;100.3;117.65;100.9;1.5;100.8;100.4;101.1;101.3;100.3;118.11;101.0;1.5;101.5;100.7;102.1;101.4;100.5;118.95;101.2;1.5;102.0;100.5;102.7;101.5;100.6;119.59;101.4
"Sezonski proizvodi";8.5;95.0;95.0;99.5;99.5;95.0;121.65;97.2;8.5;96.8;101.9;100.5;100.0;95.9;124.00;97.4;8.5;101.0;104.3;100.6;100.2;97.6;129.34;97.5;8.5;105.2;104.2;101.2;100.5;99.5;134.76;97.8;8.5;109.9;104.5;103.3;101.1;101.6;140.80;98.6;8.5;106.7;97.1;102.7;101.3;102.4;136.67;99.3;8.5;96.9;90.8;103.8;101.7;101.6;124.13;100.1;8.5;95.9;98.9;103.9;101.9;100.9;122.81;100.8;8.5;101.1;105.4;102.3;102.0;100.9;129.47;101.1;8.5;103.3;102.2;100.6;101.8;101.2;132.30;101.3
"Goriva in energija";13.3;95.8;95.8;92.7;92.7;95.8;148.27;97.9;13.3;95.6;99.9;93.1;92.9;95.7;148.06;97.6;13.3;97.1;101.5;94.4;93.4;96.2;150.34;97.4;13.3;96.7;99.6;93.7;93.5;96.3;149.76;97.0;13.3;98.6;101.9;95.0;93.8;96.8;152.64;96.5;13.3;98.6;100.0;94.5;93.9;97.1;152.70;96.0;13.3;97.8;99.1;93.5;93.8;97.2;151.39;95.5;13.3;97.0;99.2;93.9;93.8;97.2;150.20;95.2;13.3;94.8;97.7;92.1;93.6;96.9;146.71;94.7;13.3;94.5;99.7;91.8;93.5;96.7;146.33;94.1
"Hrana, pijaèe in tobak";22.8;101.0;101.0;100.1;100.1;101.0;145.03;100.5;22.8;101.2;100.1;100.9;100.5;101.1;145.20;100.5;22.8;101.4;100.2;101.6;100.9;101.2;145.55;100.5;22.8;101.8;100.4;101.7;101.1;101.3;146.07;100.6;22.8;103.0;101.2;101.4;101.1;101.7;147.88;100.7;22.8;102.3;99.3;101.1;101.1;101.8;146.86;100.7;22.8;101.9;99.6;101.4;101.2;101.8;146.24;100.8;22.8;101.7;99.8;101.6;101.2;101.8;145.95;101.0;22.8;101.8;100.2;101.1;101.2;101.8;146.19;101.0;22.8;101.3;99.5;101.0;101.2;101.7;145.41;101.1
"Blago";68.6;98.0;98.0;98.5;98.5;98.0;119.16;99.4;68.6;98.0;100.1;98.5;98.5;98.0;119.25;99.3;68.6;99.5;101.5;98.8;98.6;98.5;120.98;99.3;68.6;99.9;100.4;98.7;98.6;98.8;121.48;99.2;68.6;100.9;101.1;99.1;98.7;99.2;122.77;99.1;68.6;100.6;99.7;99.0;98.8;99.5;122.35;99.0;68.6;98.6;98.0;99.2;98.8;99.3;119.93;99.0;68.6;98.5;99.9;99.3;98.9;99.2;119.80;99.0;68.6;99.2;100.7;98.8;98.9;99.2;120.61;99.0;68.6;99.4;100.3;98.5;98.9;99.2;120.95;98.9
"..Trajno blago";10.2;100.0;100.0;97.9;97.9;100.0;78.26;98.4;10.2;99.7;99.8;97.5;97.7;99.8;78.07;98.3;10.2;100.1;100.4;97.7;97.7;99.9;78.35;98.2;10.2;100.0;99.9;97.1;97.6;99.9;78.25;98.0;10.2;99.9;100.0;97.5;97.5;99.9;78.24;97.8;10.2;99.4;99.5;97.6;97.5;99.8;77.83;97.7;10.2;99.5;100.1;98.4;97.7;99.8;77.91;97.7;10.2;99.6;100.1;98.3;97.8;99.8;77.95;97.8;10.2;99.4;99.8;98.4;97.8;99.7;77.78;97.8;10.2;99.6;100.2;98.8;97.9;99.7;77.97;97.9
"..Poltrajno blago";10.8;90.1;90.1;101.1;101.1;90.1;95.50;99.0;10.8;90.7;100.6;99.6;100.3;90.4;96.08;99.1;10.8;97.0;107.0;98.5;99.7;92.6;102.79;98.9;10.8;99.7;102.8;99.2;99.5;94.4;105.63;99.0;10.8;101.3;101.6;99.8;99.6;95.8;107.28;99.1;10.8;100.6;99.3;100.0;99.7;96.6;106.57;99.2;10.8;89.9;89.3;101.0;99.9;95.6;95.21;99.4;10.8;90.5;100.7;100.5;99.9;95.0;95.88;99.4;10.8;97.1;107.3;100.6;100.0;95.2;102.88;99.6;10.8;100.5;103.5;99.3;99.9;95.7;106.53;99.8
"..Blago dnevne porabe";47.5;99.3;99.3;98.1;98.1;99.3;139.59;99.8;47.5;99.3;100.0;98.4;98.3;99.3;139.63;99.6;47.5;99.9;100.5;99.2;98.6;99.5;140.40;99.6;47.5;99.9;100.0;99.0;98.7;99.6;140.41;99.5;47.5;101.1;101.2;99.3;98.8;99.9;142.07;99.4;47.5;100.8;99.8;99.1;98.9;100.0;141.74;99.2;47.5;100.4;99.5;99.0;98.9;100.1;141.10;99.2;47.5;100.1;99.7;99.3;98.9;100.1;140.67;99.2;47.5;99.6;99.5;98.5;98.9;100.0;139.98;99.1;47.5;99.1;99.6;98.2;98.8;99.9;139.36;98.9
"Storitve";31.4;100.4;100.4;101.7;101.7;100.4;124.14;101.6;31.4;100.9;100.6;102.2;101.9;100.6;124.83;101.6;31.4;100.6;99.7;101.7;101.8;100.6;124.46;101.6;31.4;100.0;99.4;100.6;101.5;100.5;123.66;101.5;31.4;100.1;100.1;100.3;101.3;100.4;123.83;101.4;31.4;100.6;100.5;99.8;101.0;100.4;124.48;101.2;31.4;102.4;101.7;100.4;100.9;100.7;126.61;101.1;31.4;103.0;100.6;100.5;100.9;101.0;127.37;101.0;31.4;101.3;98.4;100.6;100.8;101.0;125.27;101.0;31.4;100.8;99.5;100.6;100.8;101.0;124.64;100.9

"Vir: Statistièni urad Republike Slovenije. "
" "
" "

"Povezane vsebine: "
"- (seznam HREF=http://www.stat.si/doc/metod_pojasnila/04-136-MP.pdf "
"target=_blank) Metodološka pojasnila "
"- (seznam "
"HREF=http://www.stat.si/koledar.asp?pod=4&kon=136&DatumOd=1.1.2005&Da-"
"tumDo=Date() target=_blank) Koledar objav "
" "

"COICOP/HICP (Classification of Individual Consumption by Purpose / "
"Harmonized Index of Consumer Prices) je klasifikacija oz. razvrstitev "
"proizvodov po namenu v 12 glavnih skupin, prilagojena potrebam "
"raèunanja harmoniziranega indeksa cen življenjskih potrebšèin."

"Z letom 2006 smo indekse verižno povezali preko nove indeksne baze "
"t.j. leta 2005 (povpreèje 2005=100).  "
"Vsi indeksi so sedaj izvedeni in izraèunani preko povpreèja 2005."

"kaže spremembe cen v tekoèem mesecu glede na december prejšnjega "
"leta. "

"kaže spremembe cen v tekoèem mesecu glede na prejšnji mesec. "

"kaže spremembe cen v tekoèem mesecu glede na isti mesec prejšnjega "
"leta. "

"kaže spremembe cen od zaèetka leta do tekoèega meseca glede na enako "
"obdobje v prejšnjem letu. "

"kaže spremembe cen od zaèetka leta do tekoèega meseca glede na "
"december prejšnjega leta. "

"kaže spremembe cen v tekoèem mesecu glede na povpreèje leta 2005. "

"kaže spremembe cen povpreèja zadnjih dvanajstih mesecev glede na "
"povpreèje prejšnjih dvanajstih mesecev."

